Sentence #,Word,Tag
Sentence 1,Going,O
NaN,into,O
NaN,the,O
NaN,Sept.,O
NaN,12,O
NaN,special,O
NaN,joint,O
NaN,meeting,O
NaN,with,O
NaN,the,O
NaN,other,O
NaN,groups,O
NaN,impacted,O
NaN,by,O
NaN,the,O
NaN,Gelman,O
NaN,plume,O
NaN,the,O
NaN,Scio,O
NaN,Township,O
NaN,Board,O
NaN,held,O
NaN,a,O
NaN,special,O
NaN,meeting,O
NaN,itself,O
NaN,a,O
NaN,few,O
NaN,days,O
NaN,prior,O
NaN,to,O
NaN,officially,O
NaN,decide,O
NaN,what,O
NaN,direction,O
NaN,at,O
NaN,least,O
NaN,in,O
NaN,the,O
NaN,short,O
NaN,term,O
NaN,it,O
NaN,wanted,O
NaN,to,O
NaN,take,O
NaN,in,O
NaN,dealing,O
NaN,with,O
NaN,the,O
NaN,spread,O
NaN,of,O
NaN,1,B-chem
NaN,4-dioxane,I-chem
NaN,and,O
NaN,its,O
NaN,impact,O
NaN,on,O
NaN,local,O
NaN,water,O
NaN,sources,O
NaN,.,O
Sentence 2,From,O
NaN,1966,O
NaN,until,O
NaN,1986,O
NaN,(,O
NaN,later,O
NaN,Pall,O
NaN,Corporation,O
NaN,and,O
NaN,now,O
NaN,Danaher,O
NaN,),O
NaN,used,O
NaN,1,B-chem
NaN,4-dioxane,I-chem
NaN,in,O
NaN,their,O
NaN,manufacturing,O
NaN,process,O
NaN,.,O
Sentence 3,In,O
NaN,1985,O
NaN,1,B-chem
NaN,4-dioxane,I-chem
NaN,was,O
NaN,discovered,O
NaN,in,O
NaN,residential,O
NaN,drinking,O
NaN,water,O
NaN,wells,O
NaN,in,O
NaN,the,O
NaN,area,O
NaN,.,O
Sentence 4,Unfortunately,O
NaN,1,B-chem
NaN,4-dioxane,I-chem
NaN,does,O
NaN,not,O
NaN,break,O
NaN,down,O
NaN,quickly,O
NaN,in,O
NaN,water,O
NaN,.,O
Sentence 5,A,O
NaN,large,O
NaN,plume,O
NaN,still,O
NaN,exists,O
NaN,underground,O
NaN,in,O
NaN,the,O
NaN,soil,O
NaN,and,O
NaN,water,O
NaN,even,O
NaN,after,O
NaN,all,O
NaN,this,O
NaN,time.,O
NaN,plume,O
NaN,happens,O
NaN,when,O
NaN,a,O
NaN,chemical,O
NaN,is,O
NaN,moving,O
NaN,underground,O
NaN,in,O
NaN,soil,O
NaN,or,O
NaN,water,O
NaN,.,O
Sentence 6,In,O
NaN,this,O
NaN,case,O
NaN,the,O
NaN,chemical,O
NaN,1,B-chem
NaN,4-dioxane,I-chem
NaN,is,O
NaN,moving,O
NaN,through,O
NaN,groundwater,O
NaN,.,O
Sentence 7,He,O
NaN,said,O
NaN,plan,O
NaN,called,O
NaN,for,O
NaN,using,O
NaN,controlled,O
NaN,pump,O
NaN,and,O
NaN,treat,O
NaN,with,O
NaN,reinjection,O
NaN,to,O
NaN,the,O
NaN,contaminated,O
NaN,aquifer,O
NaN,to,O
NaN,flush,O
NaN,out,O
NaN,and,O
NaN,clean,O
NaN,up,O
NaN,the,O
NaN,dioxane,B-chem
NaN,and,O
NaN,only,O
NaN,use,O
NaN,pump,O
NaN,and,O
NaN,treat,O
NaN,with,O
NaN,discharge,O
NaN,to,O
NaN,Honey,O
NaN,Creek,O
NaN,at,O
NaN,0,O
NaN,-,O
NaN,3,B-quant
NaN,ppb,I-quant
NaN,if,O
NaN,the,O
NaN,reinjection,O
NaN,option,O
NaN,proved,O
NaN,not,O
NaN,to,O
NaN,work,O
NaN,.,O
Sentence 1,Concerns,O
NaN,over,O
NaN,the,O
NaN,1,B-chem
NaN,4-dioxane,I-chem
NaN,plume,O
NaN,which,O
NaN,is,O
NaN,impacting,O
NaN,parts,O
NaN,of,O
NaN,Scio,O
NaN,Township,O
NaN,have,O
NaN,reached,O
NaN,a,O
NaN,point,O
NaN,where,O
NaN,many,O
NaN,in,O
NaN,the,O
NaN,impacted,O
NaN,area,O
NaN,are,O
NaN,calling,O
NaN,on,O
NaN,their,O
NaN,local,O
NaN,government,O
NaN,representatives,O
NaN,to,O
NaN,appeal,O
NaN,to,O
NaN,the,O
NaN,Federal,O
NaN,government,O
NaN,for,O
NaN,help,O
NaN,.,O
Sentence 2,Specifically,O
NaN,many,O
NaN,are,O
NaN,calling,O
NaN,for,O
NaN,the,O
NaN,plume,O
NaN,to,O
NaN,be,O
NaN,designated,O
NaN,as,O
NaN,a,O
NaN,Superfund,O
NaN,cleanup,O
NaN,site,O
NaN,and,O
NaN,for,O
NaN,the,O
NaN,U.S.,O
NaN,Environmental,O
NaN,Protection,O
NaN,Agency,O
NaN,(,O
NaN,EPA,O
NaN,),O
NaN,to,O
NaN,come,O
NaN,in,O
NaN,to,O
NaN,help,O
NaN,lead,O
NaN,its,O
NaN,cleanup,O
NaN,.,O
Sentence 3,According,O
NaN,to,O
NaN,the,O
NaN,EPA,O
NaN,’s,O
NaN,website,O
NaN,the,O
NaN,Superfund,O
NaN,program,O
NaN,is,O
NaN,responsible,O
NaN,for,O
NaN,cleaning,O
NaN,up,O
NaN,some,O
NaN,of,O
NaN,the,O
NaN,nation,O
NaN,’s,O
NaN,most,O
NaN,contaminated,O
NaN,land,O
NaN,and,O
NaN,responding,O
NaN,to,O
NaN,environmental,O
NaN,emergencies,O
NaN,,O
NaN,oil,B-chem
NaN,spills,O
NaN,and,O
NaN,natural,O
NaN,disasters,O
NaN,.,O
Sentence 4,To,O
NaN,protect,O
NaN,public,O
NaN,health,O
NaN,and,O
NaN,the,O
NaN,environment,O
NaN,the,O
NaN,Superfund,O
NaN,program,O
NaN,focuses,O
NaN,on,O
NaN,making,O
NaN,a,O
NaN,visible,O
NaN,and,O
NaN,lasting,O
NaN,difference,O
NaN,in,O
NaN,communities,O
NaN,ensuring,O
NaN,that,O
NaN,people,O
NaN,can,O
NaN,live,O
NaN,and,O
NaN,work,O
NaN,in,O
NaN,healthy,O
NaN,vibrant,O
NaN,places,O
NaN,.,O
Sentence 5,According,O
NaN,to,O
NaN,the,O
NaN,Washtenaw,O
NaN,County,O
NaN,Health,O
NaN,Department,O
NaN,’s,O
NaN,website,O
NaN,,O
NaN,the,O
NaN,1,B-chem
NaN,4-dioxane,I-chem
NaN,contamination,O
NaN,is,O
NaN,not,O
NaN,a,O
NaN,new,O
NaN,problem,O
NaN,.,O
Sentence 6,From,O
NaN,1966,O
NaN,until,O
NaN,1986,O
NaN,Gelman,O
NaN,Sciences,O
NaN,(,O
NaN,later,O
NaN,Pall,O
NaN,Corporation,O
NaN,and,O
NaN,now,O
NaN,Danaher,O
NaN,),O
NaN,used,O
NaN,1,B-chem
NaN,4-dioxane,I-chem
NaN,in,O
NaN,their,O
NaN,manufacturing,O
NaN,process,O
NaN,the,O
NaN,county,O
NaN,health,O
NaN,department,O
NaN,said,O
NaN,.,O
Sentence 7,In,O
NaN,1985,O
NaN,1,B-chem
NaN,4-dioxane,I-chem
NaN,was,O
NaN,discovered,O
NaN,in,O
NaN,residential,O
NaN,drinking,O
NaN,water,O
NaN,wells,O
NaN,in,O
NaN,the,O
NaN,area,O
NaN,.,O
Sentence 8,Unfortunately,O
NaN,1,B-chem
NaN,4-dioxane,I-chem
NaN,does,O
NaN,not,O
NaN,break,O
NaN,down,O
NaN,quickly,O
NaN,in,O
NaN,water,O
NaN,.,O
Sentence 9,A,O
NaN,large,O
NaN,plume,O
NaN,still,O
NaN,exists,O
NaN,underground,O
NaN,in,O
NaN,the,O
NaN,soil,O
NaN,and,O
NaN,water,O
NaN,even,O
NaN,after,O
NaN,all,O
NaN,this,O
NaN,time,O
NaN,.,O
Sentence 1,CHEBOYGAN,O
NaN,COUNTY-,O
Sentence 2,The,O
NaN,United,O
NaN,States,O
NaN,Coast,O
NaN,Guard,O
NaN,has,O
NaN,successfully,O
NaN,freed,O
NaN,a,O
NaN,large,O
NaN,tug,O
NaN,boat,O
NaN,and,O
NaN,barge,O
NaN,that,O
NaN,had,O
NaN,run,O
NaN,aground,O
NaN,in,O
NaN,the,O
NaN,Round,O
NaN,Island,O
NaN,Passage,O
NaN,in,O
NaN,the,O
NaN,Straits,O
NaN,of,O
NaN,Mackinac,O
NaN,late,O
NaN,last,O
NaN,week.,O
Sentence 4,,O
Sentence 6,The,O
NaN,Coast,O
NaN,Guard,O
NaN,had,O
NaN,received,O
NaN,a,O
NaN,report,O
NaN,that,O
NaN,the,O
NaN,vessel,O
NaN,Defiance,O
NaN,a,O
NaN,720,O
NaN,foot,O
NaN,integrated,O
NaN,tug,O
NaN,and,O
NaN,barge,O
NaN,,O
NaN,had,O
NaN,run,O
NaN,aground,O
NaN,in,O
NaN,the,O
NaN,passage,O
NaN,between,O
NaN,Mackinac,O
NaN,Island,O
NaN,and,O
NaN,Round,O
NaN,Island,O
NaN,in,O
NaN,the,O
NaN,Straits,O
NaN,Friday,O
NaN,.,O
Sentence 7,This,O
NaN,was,O
NaN,reported,O
NaN,to,O
NaN,the,O
NaN,Coast,O
NaN,Guard,O
NaN,Sector,O
NaN,Sault,O
NaN,Ste,O
NaN,.,O
Sentence 8,Marie,O
NaN,command,O
NaN,center,O
NaN,at,O
NaN,2:52,O
NaN,p.m.,O
Sentence 11,The,O
NaN,vessel,O
NaN,had,O
NaN,"97,918",B-quant
NaN,gallons,I-quant
NaN,of,O
NaN,diesel,B-chem
NaN,fuel,O
NaN,and,O
NaN,2.917,O
NaN,tons,O
NaN,of,O
NaN,stone,O
NaN,onboard,O
NaN,.,O
Sentence 12,Precautionary,O
NaN,measures,O
NaN,were,O
NaN,taken,O
NaN,to,O
NaN,assess,O
NaN,any,O
NaN,damage,O
NaN,and,O
NaN,there,O
NaN,were,O
NaN,no,O
NaN,reported,O
NaN,injuries,O
NaN,,O
NaN,pollution,O
NaN,or,O
NaN,flooding,O
NaN,.,O
Sentence 13,The,O
NaN,Coast,O
NaN,Guard,O
NaN,established,O
NaN,a,O
NaN,safety,O
NaN,zone,O
NaN,in,O
NaN,this,O
NaN,area,O
NaN,,O
NaN,prohibiting,O
NaN,the,O
NaN,transit,O
NaN,of,O
NaN,vessels,O
NaN,over,O
NaN,100,O
NaN,gross,O
NaN,tons,O
NaN,through,O
NaN,the,O
NaN,Round,O
NaN,Island,O
NaN,Passage,O
NaN,and,O
NaN,prohibited,O
NaN,other,O
NaN,vessels,O
NaN,from,O
NaN,navigating,O
NaN,within,O
NaN,200,O
NaN,yards,O
NaN,of,O
NaN,the,O
NaN,ship,O
NaN,that,O
NaN,had,O
NaN,run,O
NaN,aground.,O
Sentence 17,The,O
NaN,Defiance,O
NaN,had,O
NaN,departed,O
NaN,from,O
NaN,Cedarville,O
NaN,and,O
NaN,was,O
NaN,on,O
NaN,its,O
NaN,way,O
NaN,to,O
NaN,its,O
NaN,next,O
NaN,port,O
NaN,of,O
NaN,call,O
NaN,in,O
NaN,Buffington,O
NaN,,O
NaN,IN,O
NaN,,O
NaN,when,O
NaN,it,O
NaN,ran,O
NaN,aground,O
NaN,.,O
Sentence 18,There,O
NaN,was,O
NaN,an,O
NaN,investigation,O
NaN,into,O
NaN,the,O
NaN,cause,O
NaN,of,O
NaN,the,O
NaN,grounding.,O
Sentence 19,"""At",O
NaN,4:31,O
NaN,a.m.,O
Sentence 20,this,O
NaN,morning,O
NaN,,O
NaN,water,O
NaN,current,O
NaN,freed,O
NaN,the,O
NaN,vessel,O
NaN,Defiance,O
NaN,and,O
NaN,barge,O
NaN,Ashtabula,O
NaN,,O
NaN,a,O
NaN,720,O
NaN,foot,O
NaN,integrated,O
NaN,tug,O
NaN,and,O
NaN,barge,O
NaN,,O
NaN,from,O
NaN,the,O
NaN,clay,O
NaN,bottom,O
NaN,in,O
NaN,Round,O
NaN,Island,O
NaN,Passage,O
NaN,in,O
NaN,the,O
NaN,Straits,O
NaN,of,O
NaN,Mackinac,O
NaN,dealing,O
NaN,with,O
NaN,hazardous,B-chem
NaN,waste,I-chem
NaN,and,O
NaN,evading,O
NaN,air,O
NaN,pollution,O
NaN,supervision,O
NaN,.,O
Sentence 1,HOUSTON,O
NaN,(,O
NaN,AP,O
NaN,),O
NaN,"""",O
Sentence 2,An,O
NaN,emergency,O
NaN,dike,O
NaN,has,O
NaN,been,O
NaN,repaired,O
NaN,and,O
NaN,a,O
NaN,fire,O
NaN,-,O
NaN,damaged,O
NaN,petrochemical,O
NaN,tank,O
NaN,stabilized,O
NaN,during,O
NaN,cleanup,O
NaN,of,O
NaN,leaking,O
NaN,oil,B-chem
NaN,products,O
NaN,that,O
NaN,closed,O
NaN,part,O
NaN,of,O
NaN,the,O
NaN,Houston,O
NaN,Ship,O
NaN,Channel,O
NaN,the,O
NaN,operator,O
NaN,of,O
NaN,the,O
NaN,complex,O
NaN,said,O
NaN,Sunday,O
NaN,.,O
Sentence 3,Authorities,O
NaN,are,O
NaN,still,O
NaN,trying,O
NaN,to,O
NaN,determine,O
NaN,what,O
NaN,caused,O
NaN,a,O
NaN,March,O
NaN,17,O
NaN,fire,O
NaN,at,O
NaN,Intercontinental,O
NaN,Terminals,O
NaN,Company,O
NaN,’s,O
Sentence 4,Deer,O
NaN,Park,O
NaN,facility,O
NaN,which,O
NaN,left,O
NaN,several,O
NaN,petrochemical,O
NaN,tanks,O
NaN,damaged,O
NaN,or,O
NaN,destroyed,O
NaN,.,O
Sentence 5,Some,O
NaN,tanks,O
NaN,leaked,O
NaN,oil,B-chem
NaN,products,O
NaN,and,O
NaN,a,O
NaN,containment,O
NaN,area,O
NaN,was,O
NaN,breached,O
NaN,Friday,O
NaN,leading,O
NaN,to,O
NaN,the,O
NaN,mixture,O
NaN,reaching,O
NaN,the,O
NaN,ship,O
NaN,channel,O
NaN,said,O
NaN,Brent,O
NaN,Weber,O
NaN,an,O
NaN,ITC,O
NaN,spokesman,O
NaN,.,O
Sentence 6,The,O
NaN,channel,O
NaN,"""",O
NaN,one,O
NaN,of,O
NaN,the,O
NaN,busiest,O
NaN,commercial,O
NaN,waterways,O
NaN,in,O
NaN,the,O
NaN,country,O
NaN,"""",O
NaN,was,O
NaN,closed,O
NaN,to,O
NaN,traffic,O
NaN,that,O
NaN,day,O
NaN,.,O
Sentence 7,The,O
NaN,massive,O
NaN,fire,O
NaN,more,O
NaN,than,O
NaN,a,O
NaN,week,O
NaN,ago,O
NaN,thrust,O
NaN,plumes,O
NaN,of,O
NaN,black,O
NaN,smoke,O
NaN,into,O
NaN,the,O
NaN,air,O
NaN,and,O
NaN,burned,O
NaN,on,O
NaN,and,O
NaN,off,O
NaN,for,O
NaN,days,O
NaN,.,O
Sentence 8,Harris,O
NaN,County,O
NaN,and,O
NaN,ITC,O
NaN,officials,O
NaN,initially,O
NaN,said,O
NaN,air,O
NaN,quality,O
NaN,was,O
NaN,not,O
NaN,affected,O
NaN,by,O
NaN,the,O
NaN,blaze,O
NaN,but,O
NaN,by,O
NaN,Thursday,O
NaN,the,O
NaN,National,O
NaN,Guard,O
NaN,was,O
NaN,called,O
NaN,in,O
NaN,and,O
NaN,residents,O
NaN,were,O
NaN,warned,O
NaN,to,O
NaN,stay,O
NaN,inside,O
NaN,for,O
NaN,their,O
NaN,own,O
NaN,safety,O
NaN,because,O
NaN,of,O
NaN,high,O
NaN,levels,O
NaN,of,O
NaN,benzene,B-chem
NaN,in,O
NaN,the,O
NaN,air,O
NaN,.,O
Sentence 9,Weber,O
NaN,said,O
NaN,Sunday,O
NaN,that,O
NaN,the,O
NaN,company,O
NaN,had,O
NaN,been,O
NaN,concerned,O
NaN,about,O
NaN,the,O
NaN,possibility,O
NaN,of,O
NaN,benzene,B-chem
NaN,fumes,O
NaN,escaping,O
NaN,one,O
NaN,tank,O
NaN,damaged,O
NaN,in,O
NaN,the,O
NaN,fire,O
NaN,that,O
NaN,contained,O
NaN,pyrolysis,B-chem
NaN,gasoline,I-chem
NaN,.,O
Sentence 10,Starting,O
NaN,Saturday,O
NaN,officials,O
NaN,were,O
NaN,pumping,O
NaN,the,O
NaN,flammable,O
NaN,gas,O
NaN,out,O
NaN,of,O
NaN,the,O
NaN,tank,O
NaN,to,O
NaN,reduce,O
NaN,that,O
NaN,risk,O
NaN,.,O
Sentence 11,That,O
NaN,container,O
NaN,has,O
NaN,been,O
NaN,secured,O
NaN,and,O
NaN,air,O
NaN,monitoring,O
NaN,continues,O
NaN,Weber,O
NaN,said,O
NaN,.,O
Sentence 12,Oil,B-chem
NaN,products,O
NaN,could,O
NaN,be,O
NaN,seen,O
NaN,along,O
NaN,a,O
NaN,2-mile,O
NaN,(,O
NaN,3-kilometer,O
NaN,),O
NaN,stretch,O
NaN,of,O
NaN,the,O
NaN,waterway,O
NaN,,
NaN,according,O
NaN,to,O
NaN,Lt,O
NaN,.,O
NaN,Cmdr,O
NaN,.,O
Sentence 13,Jarod,O
NaN,Toczko,O
NaN,another,O
NaN,Coast,O
NaN,Guard,O
NaN,spokesman,O
NaN,.,O
Sentence 14,Most,O
NaN,of,O
NaN,the,O
NaN,product,O
NaN,reached,O
NaN,a,O
NaN,bayou,O
NaN,but,O
NaN,oil,B-chem
NaN,booms,O
NaN,were,O
NaN,helping,O
NaN,to,O
NaN,protect,O
NaN,the,O
NaN,area,O
NaN,.,O
Sentence 15,About,O
NaN,600,B-quant
NaN,gallons,I-quant
NaN,of,O
NaN,oil,B-chem
NaN,product,O
NaN,had,O
NaN,been,O
NaN,recovered,O
NaN,from,O
NaN,the,O
NaN,water,O
NaN,by,O
NaN,Sunday,O
NaN,he,O
NaN,said,O
NaN,.,O
Sentence 1,SARAJEVO,O
NaN,Bosnia,O
NaN,-,O
NaN,Herzegovina,O
NaN,(,O
NaN,AP,O
NaN,),O
NaN,"""",O
Sentence 2,People,O
NaN,in,O
NaN,all,O
NaN,major,O
NaN,cities,O
NaN,across,O
NaN,the,O
NaN,western,O
NaN,Balkans,O
NaN,face,O
NaN,alarming,O
NaN,levels,O
NaN,of,O
NaN,air,O
NaN,pollution,O
NaN,that,O
NaN,are,O
NaN,reducing,O
NaN,their,O
NaN,life,O
NaN,expectancies,O
NaN,because,O
NaN,the,O
NaN,underdeveloped,O
NaN,politically,O
NaN,fragile,O
NaN,region,O
NaN,is,O
NaN,still,O
NaN,heavily,O
NaN,reliant,O
NaN,on,O
NaN,burning,O
NaN,coal,O
NaN,to,O
NaN,generate,O
NaN,power,O
NaN,the,O
NaN,U.N.,O
NaN,said,O
NaN,Monday,O
NaN,in,O
NaN,a,O
NaN,new,O
NaN,report,O
NaN,.,O
Sentence 3,"""",O
NaN,The,O
NaN,population,O
NaN,is,O
NaN,exposed,O
NaN,to,O
NaN,some,O
NaN,of,O
NaN,the,O
NaN,highest,O
NaN,concentrations,O
NaN,of,O
NaN,air,O
NaN,pollution,O
NaN,in,O
NaN,Europe,O
NaN,.,O
Sentence 4,up,O
NaN,to,O
NaN,five,O
NaN,times,O
NaN,higher,O
NaN,than,O
NaN,the,O
NaN,national,O
NaN,and,O
NaN,the,O
NaN,EU,O
NaN,guideline,O
NaN,levels,O
NaN,"""",O
NaN,the,O
NaN,report,O
NaN,said,O
NaN,identifying,O
NaN,the,O
NaN,region,O
NaN,s,O
NaN,lack,O
NaN,of,O
NaN,access,O
NaN,to,O
NaN,modern,O
NaN,renewable,O
NaN,energy,O
NaN,sources,O
NaN,as,O
NaN,a,O
NaN,major,O
NaN,cause,O
NaN,of,O
NaN,its,O
NaN,air,O
NaN,pollution,O
NaN,.,O
Sentence 5,Fifteen,O
NaN,active,O
NaN,coal,O
NaN,-,O
NaN,fired,O
NaN,power,O
NaN,plants,O
NaN,some,O
NaN,of,O
NaN,them,O
NaN,obsolete,O
NaN,in,O
NaN,five,O
NaN,western,O
NaN,Balkan,O
NaN,countries,O
NaN,pump,O
NaN,substantial,O
NaN,amounts,O
NaN,of,O
NaN,sulphur,B-chem
NaN,dioxide,I-chem
NaN,,O
NaN,nitrogen,B-chem
NaN,oxide,I-chem
NaN,and,O
NaN,dust,O
NaN,or,O
NaN,particulate,O
NaN,matter,O
NaN,into,O
NaN,the,O
NaN,air,O
NaN,.,O
Sentence 6,Also,O
NaN,as,O
NaN,many,O
NaN,as,O
NaN,88,O
NaN,%,O
NaN,of,O
NaN,the,O
NaN,region,O
NaN,’s,O
NaN,7.3,O
NaN,million,O
NaN,buildings,O
NaN,use,O
NaN,decentralized,O
NaN,heating,O
NaN,systems,O
NaN,that,O
NaN,use,O
NaN,power,O
NaN,inefficiently,O
NaN,.,O
Sentence 7,The,O
NaN,report,O
NaN,says,O
NaN,in,O
NaN,the,O
NaN,Balkan,O
NaN,cities,O
NaN,that,O
NaN,were,O
NaN,examined,O
NaN,the,O
NaN,daily,O
NaN,health,O
NaN,restrictions,O
NaN,for,O
NaN,exposure,O
NaN,to,O
NaN,large,O
NaN,-,O
NaN,diameter,O
NaN,particles,O
NaN,of,O
NaN,soot,B-chem
NaN,and,O
NaN,other,O
NaN,matter,O
NaN,,O
NaN,or,O
NaN,PM10,B-chem
NaN,,O
NaN,were,O
NaN,exceeded,O
NaN,between,O
NaN,120,O
NaN,and,O
NaN,180,O
NaN,days,O
NaN,per,O
NaN,year,O
NaN,.,O
Sentence 8,That,O
NaN,is,O
NaN,much,O
NaN,higher,O
NaN,than,O
NaN,allowed,O
NaN,by,O
NaN,national,O
NaN,and,O
NaN,EU,O
NaN,laws,O
NaN,which,O
NaN,restrict,O
NaN,the,O
NaN,number,O
NaN,of,O
NaN,such,O
NaN,days,O
NaN,to,O
NaN,only,O
NaN,35,O
NaN,a,O
NaN,year,O
NaN,.,O
Sentence 1,The,O
NaN,April,O
NaN,15,O
NaN,blaze,O
NaN,sent,O
NaN,tons,O
NaN,of,O
NaN,toxic,O
NaN,lead,B-chem
NaN,from,O
NaN,the,O
NaN,cathedral,O
NaN,’s,O
NaN,burnt,O
NaN,-,O
NaN,out,O
NaN,roof,O
NaN,into,O
NaN,the,O
NaN,air,O
NaN,later,O
NaN,sinking,O
NaN,to,O
NaN,the,O
NaN,ground,O
NaN,as,O
NaN,dust,O
NaN,.,O
Sentence 2,The,O
NaN,agency,O
NaN,said,O
NaN,it,O
NaN,has,O
NaN,identified,O
NaN,a,O
NaN,child,O
NaN,from,O
NaN,the,O
NaN,area,O
NaN,with,O
NaN,"""",O
NaN,a,O
NaN,blood,O
NaN,lead,B-chem
NaN,level,O
NaN,above,O
NaN,the,O
NaN,regulatory,O
NaN,threshold,O
NaN,.,O
NaN,"""",O
Sentence 3,Soil,O
NaN,samples,O
NaN,and,O
NaN,some,O
NaN,administrative,O
NaN,buildings,O
NaN,nearby,O
NaN,tested,O
NaN,positive,O
NaN,for,O
NaN,high,O
NaN,levels,O
NaN,of,O
NaN,lead,B-chem
NaN,.,O
Sentence 4,The,O
NaN,agency,O
NaN,said,O
NaN,Tuesday,O
NaN,however,O
NaN,recent,O
NaN,samples,O
NaN,show,O
NaN,there,O
NaN,is,O
NaN,"""",O
NaN,no,O
NaN,risk,O
NaN,linked,O
NaN,to,O
NaN,air,O
NaN,quality,O
NaN,.,O
NaN,"""",O
Sentence 5,Paris,O
NaN,authorities,O
NaN,have,O
NaN,begun,O
NaN,a,O
NaN,cleanup,O
NaN,of,O
NaN,lead,B-chem
NaN,dust,O
NaN,in,O
NaN,the,O
NaN,remaining,O
NaN,cordoned,O
NaN,-,O
NaN,off,O
NaN,parts,O
NaN,of,O
NaN,Notre,O
NaN,Dame,O
NaN,’s,O
NaN,forecourt,O
NaN,with,O
NaN,a,O
NaN,vacuum,O
NaN,-,O
NaN,style,O
NaN,machine,O
NaN,.,O
Sentence 1,NASHVILLE,O
NaN,Tenn.,O
NaN,(,O
NaN,AP,O
NaN,),O
NaN,"""",O
Sentence 2,The,O
NaN,nation,O
NaN,’s,O
NaN,largest,O
NaN,public,O
NaN,utility,O
NaN,on,O
NaN,Thursday,O
NaN,agreed,O
NaN,to,O
NaN,dig,O
NaN,up,O
NaN,and,O
NaN,remove,O
NaN,about,O
NaN,12,O
NaN,million,O
NaN,cubic,O
NaN,yards,O
NaN,(,O
NaN,9.2,O
NaN,million,O
NaN,cubic,O
NaN,meters,O
NaN,),O
NaN,of,O
NaN,coal,O
NaN,ash,O
NaN,from,O
NaN,unlined,O
NaN,pits,O
NaN,at,O
NaN,a,O
NaN,Tennessee,O
NaN,coal,O
NaN,-,O
NaN,burning,O
NaN,power,O
NaN,plant,O
NaN,.,O
Sentence 3,Prompted,O
NaN,by,O
NaN,two,O
NaN,environmental,O
NaN,groups,O
NaN,the,O
NaN,state,O
NaN,sued,O
NaN,the,O
NaN,Tennessee,O
NaN,Valley,O
NaN,Authority,O
NaN,in,O
NaN,2015,O
NaN,over,O
NaN,pollution,O
NaN,from,O
NaN,coal,O
NaN,ash,O
NaN,dumps,O
NaN,at,O
NaN,the,O
NaN,Gallatin,O
NaN,Fossil,O
NaN,Plant,O
NaN,.,O
Sentence 4,According,O
NaN,to,O
NaN,court,O
NaN,filings,O
NaN,pollutants,O
NaN,leach,O
NaN,from,O
NaN,the,O
NaN,ash,O
NaN,into,O
NaN,the,O
NaN,groundwater,O
NaN,and,O
NaN,then,O
NaN,enter,O
NaN,the,O
NaN,Cumberland,O
NaN,River,O
NaN,a,O
NaN,source,O
NaN,of,O
NaN,drinking,O
NaN,water,O
NaN,for,O
NaN,Nashville,O
NaN,.,O
Sentence 5,TVA,O
NaN,which,O
NaN,provides,O
NaN,power,O
NaN,to,O
NaN,more,O
NaN,than,O
NaN,10,O
NaN,million,O
NaN,people,O
NaN,in,O
NaN,parts,O
NaN,of,O
NaN,seven,O
NaN,Southern,O
NaN,states,O
NaN,has,O
NaN,recently,O
NaN,come,O
NaN,under,O
NaN,increased,O
NaN,scrutiny,O
NaN,for,O
NaN,its,O
NaN,handling,O
NaN,of,O
NaN,coal,O
NaN,ash,O
NaN,the,O
NaN,byproduct,O
NaN,of,O
NaN,burning,O
NaN,coal,O
NaN,for,O
NaN,power,O
NaN,.,O
Sentence 6,Speaking,O
NaN,at,O
NaN,the,O
NaN,Gallatin,O
NaN,plant,O
NaN,on,O
NaN,Thursday,O
NaN,TVA,O
NaN,President,O
NaN,and,O
NaN,CEO,O
NaN,Jeff,O
NaN,Lyash,O
NaN,said,O
NaN,the,O
NaN,utility,O
NaN,is,O
NaN,committed,O
NaN,to,O
NaN,the,O
NaN,safe,O
NaN,handling,O
NaN,and,O
NaN,storage,O
NaN,of,O
NaN,coal,O
NaN,ash,O
NaN,at,O
NaN,its,O
NaN,plants,O
NaN,in,O
NaN,Tennessee,O
NaN,Kentucky,O
NaN,and,O
NaN,Alabama,O
NaN,.,O
Sentence 7,But,O
NaN,he,O
NaN,said,O
NaN,other,O
NaN,old,O
NaN,unlined,O
NaN,ash,O
NaN,pits,O
NaN,may,O
NaN,be,O
NaN,capped,O
NaN,and,O
NaN,left,O
NaN,in,O
NaN,place,O
NaN,if,O
NaN,the,O
NaN,utility,O
NaN,determines,O
NaN,it,O
NaN,is,O
NaN,safe,O
NaN,to,O
NaN,do,O
NaN,so,O
NaN,.,O
Sentence 8,The,O
NaN,Environmental,O
NaN,Protection,O
NaN,Agency,O
NaN,began,O
NaN,working,O
NaN,to,O
NaN,regulate,O
NaN,coal,O
NaN,ash,O
NaN,after,O
NaN,an,O
NaN,impoundment,O
NaN,failed,O
NaN,at,O
NaN,another,O
NaN,TVA,O
NaN,plant,O
NaN,in,O
NaN,Kingston,O
NaN,spilling,O
NaN,5.4,O
NaN,million,O
NaN,cubic,O
NaN,yards,O
NaN,(,O
NaN,4.1,O
NaN,million,O
NaN,cubic,O
NaN,meters,O
NaN,),O
NaN,of,O
NaN,ash,O
NaN,into,O
NaN,the,O
NaN,Emory,O
NaN,River,O
NaN,and,O
NaN,surrounding,O
NaN,community,O
NaN,.,O
Sentence 9,The,O
NaN,EPA,O
NaN,released,O
NaN,regulations,O
NaN,in,O
NaN,2015,O
NaN,that,O
NaN,treat,O
NaN,coal,O
NaN,ash,O
NaN,more,O
NaN,like,O
NaN,household,O
NaN,garbage,O
NaN,than,O
NaN,a,O
NaN,hazardous,O
NaN,material,O
NaN,.,O
Sentence 10,TVA,O
NaN,has,O
NaN,said,O
NaN,it,O
NaN,is,O
NaN,dewatering,O
NaN,its,O
NaN,coal,O
NaN,ash,O
NaN,dumps,O
NaN,to,O
NaN,help,O
NaN,prevent,O
NaN,leaching,O
NaN,but,O
NaN,the,O
NaN,utility,O
NaN,has,O
NaN,resisted,O
NaN,calls,O
NaN,to,O
NaN,remove,O
NaN,all,O
NaN,ash,O
NaN,to,O
NaN,lined,O
NaN,landfills,O
NaN,.,O
Sentence 1,SARAJEVO,O
NaN,Bosnia,O
NaN,-,O
NaN,Herzegovina,O
NaN,(,O
NaN,AP,O
NaN,),O
NaN,"""",O
Sentence 2,Environmental,O
NaN,groups,O
NaN,called,O
NaN,on,O
NaN,Tuesday,O
NaN,for,O
NaN,urgent,O
NaN,measures,O
NaN,to,O
NaN,combat,O
NaN,air,O
NaN,pollution,O
NaN,in,O
NaN,the,O
NaN,central,O
NaN,Bosnian,O
NaN,city,O
NaN,of,O
NaN,Tuzla,O
NaN,saying,O
NaN,dust,O
NaN,concentration,O
NaN,far,O
NaN,exceeds,O
NaN,legal,O
NaN,limits,O
NaN,and,O
NaN,causes,O
NaN,premature,O
NaN,deaths,O
NaN,.,O
Sentence 3,There,O
NaN,has,O
NaN,been,O
NaN,no,O
NaN,immediate,O
NaN,official,O
NaN,reaction,O
NaN,.,O
Sentence 4,The,O
NaN,report,O
NaN,says,O
NaN,dust,O
NaN,pollution,O
NaN,in,O
NaN,Tuzla,O
NaN,has,O
NaN,been,O
NaN,twice,O
NaN,the,O
NaN,legal,O
NaN,limit,O
NaN,on,O
NaN,two,O
NaN,thirds,O
NaN,of,O
NaN,monitored,O
NaN,days,O
NaN,in,O
NaN,2018,O
NaN,causing,O
NaN,more,O
NaN,than,O
NaN,100,O
NaN,premature,O
NaN,deaths,O
NaN,.,O
Sentence 5,"""",O
NaN,People,O
NaN,in,O
NaN,Tuzla,O
NaN,have,O
NaN,already,O
NaN,been,O
NaN,protesting,O
NaN,against,O
NaN,air,O
NaN,pollution,O
NaN,feeling,O
NaN,that,O
NaN,their,O
NaN,city,O
NaN,is,O
NaN,one,O
NaN,of,O
NaN,the,O
NaN,most,O
NaN,polluted,O
NaN,in,O
NaN,the,O
NaN,world,O
NaN,"""",O
NaN,said,O
NaN,Denis,O
NaN,Zisko,O
NaN,from,O
NaN,the,O
NaN,Center,O
NaN,for,O
NaN,Energy,O
NaN,and,O
NaN,Ecology,O
NaN,.,O
Sentence 6,"""",O
NaN,The,O
NaN,data,O
NaN,we,O
NaN,publish,O
NaN,today,O
NaN,shows,O
NaN,just,O
NaN,how,O
NaN,serious,O
NaN,the,O
NaN,problem,O
NaN,is,O
NaN,and,O
NaN,how,O
NaN,authorities,O
NaN,in,O
NaN,Bosnia,O
NaN,and,O
NaN,Herzegovina,O
NaN,who,O
NaN,are,O
NaN,failing,O
NaN,to,O
NaN,even,O
NaN,do,O
NaN,proper,O
NaN,monitoring,O
NaN,of,O
NaN,smog,B-chem
NaN,levels,O
NaN,are,O
NaN,directly,O
NaN,responsible,O
NaN,for,O
NaN,hundreds,O
NaN,of,O
NaN,deaths,O
NaN,and,O
NaN,thousands,O
NaN,of,O
NaN,cases,O
NaN,of,O
NaN,illness,O
NaN,.,O
NaN,"""",O
Sentence 7,The,O
NaN,report,O
NaN,urged,O
NaN,the,O
NaN,authorities,O
NaN,to,O
NaN,introduce,O
NaN,short-,O
NaN,and,O
NaN,long,O
NaN,-,O
NaN,term,O
NaN,measures,O
NaN,to,O
NaN,reduce,O
NaN,coal,B-chem
NaN,pollution,O
NaN,and,O
NaN,upgrade,O
NaN,the,O
NaN,air,O
NaN,monitoring,O
NaN,network,O
NaN,to,O
NaN,identify,O
NaN,the,O
NaN,TRUE,O
NaN,magnitude,O
NaN,of,O
NaN,the,O
NaN,impact,O
NaN,on,O
NaN,health,O
NaN,.,O
Sentence 1,COPENHAGEN,O
NaN,Denmark,O
NaN,(,O
NaN,AP,O
NaN,),O
NaN,"""",O
Sentence 2,A,O
NaN,small,O
NaN,radiation,B-chem
NaN,leak,O
NaN,from,O
NaN,a,O
NaN,Soviet,O
NaN,nuclear,O
NaN,submarine,O
NaN,that,O
NaN,sank,O
NaN,30,O
NaN,years,O
NaN,ago,O
NaN,has,O
NaN,been,O
NaN,found,O
NaN,Norwegian,O
NaN,researchers,O
NaN,said,O
NaN,Thursday,O
NaN,but,O
NaN,it,O
NaN,poses,O
NaN,no,O
NaN,risk,O
NaN,to,O
NaN,people,O
NaN,or,O
NaN,fish,O
NaN,.,O
Sentence 3,The,O
NaN,institute,O
NaN,said,O
NaN,that,O
NaN,findings,O
NaN,were,O
NaN,around,O
NaN,100,O
NaN,Becquerel,O
NaN,(,O
NaN,Bq,O
NaN,),O
NaN,per,O
NaN,liter,O
NaN,as,O
NaN,opposed,O
NaN,to,O
NaN,around,O
NaN,0.001,O
Sentence 4,Bq,O
NaN,per,O
NaN,liter,O
NaN,elsewhere,O
NaN,in,O
NaN,the,O
NaN,Norwegian,O
NaN,Sea,O
NaN,.,O
Sentence 5,Several,O
NaN,samples,O
NaN,taken,O
NaN,in,O
NaN,and,O
NaN,around,O
NaN,a,O
NaN,ventilation,O
NaN,duct,O
NaN,on,O
NaN,the,O
NaN,wreck,O
NaN,of,O
NaN,the,O
NaN,submarine,O
NaN,contained,O
NaN,far,O
NaN,higher,O
NaN,levels,O
NaN,of,O
NaN,radioactive,B-chem
NaN,cesium,I-chem
NaN,than,O
NaN,you,O
NaN,would,O
NaN,normally,O
NaN,find,O
NaN,in,O
NaN,the,O
NaN,Norwegian,O
NaN,Sea,O
NaN,the,O
NaN,institute,O
NaN,said,O
NaN,in,O
NaN,a,O
NaN,statement,O
NaN,.,O
Sentence 6,However,O
NaN,other,O
NaN,samples,O
NaN,from,O
NaN,the,O
NaN,same,O
NaN,duct,O
NaN,did,O
NaN,n’t,O
NaN,contain,O
NaN,elevated,O
NaN,values,O
NaN,.,O
Sentence 1,PARIS,O
NaN,(,O
NaN,AP,O
NaN,),O
NaN,"""",O
Sentence 2,Environmental,O
NaN,groups,O
NaN,and,O
NaN,one,O
NaN,of,O
NaN,France,O
NaN,’s,O
NaN,largest,O
NaN,labor,O
NaN,unions,O
NaN,called,O
NaN,Monday,O
NaN,for,O
NaN,a,O
NaN,containment,O
NaN,shield,O
NaN,and,O
NaN,other,O
NaN,safety,O
NaN,measures,O
NaN,to,O
NaN,ensure,O
NaN,decontamination,O
NaN,work,O
NaN,at,O
NaN,Notre,O
NaN,Dame,O
NaN,Cathedral,O
NaN,does,O
NaN,not,O
NaN,expose,O
NaN,workers,O
NaN,and,O
NaN,residents,O
NaN,to,O
NaN,unsafe,O
NaN,levels,O
NaN,of,O
NaN,lead,B-chem
NaN,.,O
Sentence 3,The,O
NaN,administration,O
NaN,had,O
NaN,said,O
NaN,that,O
NaN,when,O
NaN,the,O
NaN,lead,B-chem
NaN,-,O
NaN,removal,O
NaN,work,O
NaN,resumed,O
NaN,stricter,O
NaN,safety,O
NaN,procedures,O
NaN,new,O
NaN,equipment,O
NaN,and,O
NaN,allowing,O
NaN,much,O
NaN,fewer,O
NaN,workers,O
NaN,inside,O
NaN,at,O
NaN,a,O
NaN,time,O
NaN,would,O
NaN,"""",O
NaN,prevent,O
NaN,any,O
NaN,release,O
NaN,of,O
NaN,polluting,O
NaN,elements,O
NaN,to,O
NaN,the,O
NaN,outside,O
NaN,.,O
NaN,"""",O
Sentence 4,They,O
NaN,asked,O
NaN,for,O
NaN,a,O
NaN,regularly,O
NaN,updated,O
NaN,chart,O
NaN,showing,O
NaN,the,O
NaN,level,O
NaN,of,O
NaN,lead,B-chem
NaN,in,O
NaN,the,O
NaN,air,O
NaN,.,O
Sentence 5,Labor,O
NaN,and,O
NaN,environmental,O
NaN,groups,O
NaN,are,O
NaN,also,O
NaN,pushing,O
NaN,for,O
NaN,the,O
NaN,creation,O
NaN,of,O
NaN,a,O
NaN,medical,O
NaN,center,O
NaN,to,O
NaN,monitor,O
NaN,of,O
NaN,firefighters,O
NaN,workers,O
NaN,and,O
NaN,residents,O
NaN,.,O
Sentence 6,Paris,O
NaN,Deputy,O
NaN,Mayor,O
NaN,Anne,O
NaN,Souyris,O
NaN,said,O
NaN,updated,O
NaN,measurements,O
NaN,of,O
NaN,lead,B-chem
NaN,levels,O
NaN,are,O
NaN,set,O
NaN,for,O
NaN,release,O
NaN,on,O
NaN,Tuesday,O
NaN,.,O
Sentence 7,Hundreds,B-quant
NaN,of,I-quant
NaN,tons,I-quant
NaN,of,O
NaN,lead,B-chem
NaN,that,O
NaN,was,O
NaN,in,O
NaN,Notre,O
NaN,Dame,O
NaN,’s,O
NaN,spire,O
NaN,and,O
NaN,roof,O
NaN,melted,O
NaN,during,O
NaN,the,O
NaN,April,O
NaN,15,O
NaN,fire,O
NaN,which,O
NaN,came,O
NaN,close,O
NaN,to,O
NaN,destroying,O
NaN,the,O
NaN,cathedral,O
NaN,.,O
Sentence 8,Lead,B-chem
NaN,levels,O
NaN,remain,O
NaN,elevated,O
NaN,at,O
NaN,some,O
NaN,spots,O
NaN,inside,O
NaN,and,O
NaN,in,O
NaN,the,O
NaN,soil,O
NaN,of,O
NaN,the,O
NaN,adjacent,O
NaN,park,O
NaN,and,O
NaN,forecourt,O
NaN,according,O
NaN,to,O
NaN,the,O
NaN,Paris,O
NaN,regional,O
NaN,health,O
NaN,agency,O
NaN,.,O
Sentence 9,Those,O
NaN,areas,O
NaN,have,O
NaN,been,O
NaN,closed,O
NaN,to,O
NaN,the,O
NaN,public,O
NaN,since,O
NaN,the,O
NaN,fire,O
NaN,.,O
Sentence 10,The,O
NaN,environmental,O
NaN,activists,O
NaN,and,O
NaN,union,O
NaN,officials,O
NaN,said,O
NaN,they,O
NaN,want,O
NaN,a,O
NaN,containment,O
NaN,shield,O
NaN,built,O
NaN,over,O
NaN,Notre,O
NaN,Dame,O
NaN,to,O
NaN,keep,O
NaN,more,O
NaN,lead,B-chem
NaN,from,O
NaN,being,O
NaN,released,O
NaN,into,O
NaN,the,O
NaN,atmosphere,O
NaN,.,O
Sentence 11,Notre,O
NaN,Dame,O
NaN,rector,O
NaN,Patrick,O
NaN,Chauvet,O
NaN,acknowledged,O
NaN,that,O
NaN,lead,B-chem
NaN,can,O
NaN,escape,O
NaN,into,O
NaN,the,O
NaN,environment,O
NaN,from,O
NaN,a,O
NaN,big,O
NaN,hole,O
NaN,in,O
NaN,the,O
NaN,cathedral,O
NaN,’s,O
NaN,roof,O
NaN,but,O
NaN,ruled,O
NaN,out,O
NaN,building,O
NaN,a,O
NaN,containment,O
NaN,shield,O
NaN,before,O
NaN,the,O
NaN,decontamination,O
NaN,work,O
NaN,resumes,O
NaN,.,O
Sentence 12,Children,O
NaN,are,O
NaN,especially,O
NaN,vulnerable,O
NaN,to,O
NaN,health,O
NaN,problems,O
NaN,from,O
NaN,lead,B-chem
NaN,poisoning,O
NaN,and,O
NaN,exposure,O
NaN,.,O
Sentence 1,PARIS,O
NaN,(,O
NaN,AP,O
NaN,),O
NaN,"""",O
Sentence 2,Health,O
NaN,officials,O
NaN,in,O
NaN,Paris,O
NaN,said,O
NaN,Wednesday,O
NaN,that,O
NaN,a,O
NaN,young,O
NaN,boy,O
NaN,needs,O
NaN,medical,O
NaN,monitoring,O
NaN,because,O
NaN,tests,O
NaN,conducted,O
NaN,after,O
NaN,the,O
NaN,Notre,O
NaN,Dame,O
NaN,Cathedral,O
NaN,fire,O
NaN,showed,O
NaN,that,O
NaN,he,O
NaN,was,O
NaN,at,O
NaN,risk,O
NaN,of,O
NaN,lead,B-chem
NaN,poisoning,O
NaN,.,O
Sentence 3,The,O
NaN,child,O
NaN,who,O
NaN,was,O
NaN,tested,O
NaN,last,O
NaN,week,O
NaN,does,O
NaN,n’t,O
NaN,need,O
NaN,treatment,O
NaN,yet,O
NaN,the,O
NaN,Regional,O
NaN,Health,O
NaN,Authority,O
NaN,said,O
NaN,in,O
NaN,a,O
NaN,statement,O
NaN,late,O
NaN,Tuesday,O
NaN,.,O
Sentence 4,Checks,O
NaN,are,O
NaN,being,O
NaN,conducted,O
NaN,to,O
NaN,determine,O
NaN,whether,O
NaN,the,O
NaN,lead,B-chem
NaN,came,O
NaN,from,O
NaN,the,O
NaN,April,O
NaN,15,O
NaN,fire,O
NaN,or,O
NaN,another,O
NaN,source,O
NaN,.,O
Sentence 5,A,O
NaN,total,O
NaN,of,O
NaN,162,O
NaN,children,O
NaN,have,O
NaN,been,O
NaN,tested,O
NaN,for,O
NaN,lead,B-chem
NaN,in,O
NaN,Paris,O
NaN,after,O
NaN,hundreds,B-quant
NaN,of,I-quant
NaN,tons,I-quant
NaN,of,O
NaN,lead,B-chem
NaN,in,O
NaN,Notre,O
NaN,Dame,O
NaN,’s,O
NaN,spire,O
NaN,and,O
NaN,roof,O
NaN,melted,O
NaN,in,O
NaN,the,O
NaN,blaze,O
NaN,.,O
Sentence 6,Sixteen,O
NaN,of,O
NaN,those,O
NaN,were,O
NaN,deemed,O
NaN,to,O
NaN,be,O
NaN,just,O
NaN,short,O
NaN,of,O
NaN,being,O
NaN,"""",O
NaN,at,O
NaN,risk,O
NaN,"""",O
NaN,and,O
NaN,will,O
NaN,also,O
NaN,be,O
NaN,monitored,O
NaN,as,O
NaN,a,O
NaN,precaution,O
NaN,.,O
Sentence 7,The,O
NaN,results,O
NaN,"""",O
NaN,show,O
NaN,on,O
NaN,the,O
NaN,one,O
NaN,hand,O
NaN,the,O
NaN,need,O
NaN,to,O
NaN,keep,O
NaN,cleaning,O
NaN,to,O
NaN,limit,O
NaN,the,O
NaN,risk,O
NaN,of,O
NaN,exposure,O
NaN,of,O
NaN,the,O
NaN,children,O
NaN,to,O
NaN,lead,B-chem
NaN,and,O
NaN,on,O
NaN,the,O
NaN,other,O
NaN,hand,O
NaN,the,O
NaN,importance,O
NaN,of,O
NaN,extending,O
NaN,blood,O
NaN,tests,O
NaN,"""",O
NaN,the,O
NaN,health,O
NaN,authority,O
NaN,said,O
NaN,.,O
Sentence 8,Authorities,O
NaN,in,O
NaN,June,O
NaN,recommended,O
NaN,blood,O
NaN,tests,O
NaN,for,O
NaN,children,O
NaN,under,O
NaN,7,O
NaN,and,O
NaN,pregnant,O
NaN,women,O
NaN,who,O
NaN,live,O
NaN,near,O
NaN,Notre,O
NaN,Dame,O
NaN,as,O
NaN,they,O
NaN,are,O
NaN,especially,O
NaN,vulnerable,O
NaN,to,O
NaN,health,O
NaN,problems,O
NaN,from,O
NaN,lead,B-chem
NaN,poisoning,O
NaN,and,O
NaN,exposure,O
NaN,.,O
Sentence 9,Levels,O
NaN,of,O
NaN,lead,B-chem
NaN,remain,O
NaN,exceptionally,O
NaN,high,O
NaN,at,O
NaN,some,O
NaN,spots,O
NaN,inside,O
NaN,the,O
NaN,cathedral,O
NaN,and,O
NaN,in,O
NaN,the,O
NaN,soil,O
NaN,of,O
NaN,the,O
NaN,adjacent,O
NaN,streets,O
NaN,park,O
NaN,and,O
NaN,forecourt,O
NaN,according,O
NaN,to,O
NaN,the,O
NaN,regional,O
NaN,health,O
NaN,agency,O
NaN,.,O
Sentence 10,Those,O
NaN,areas,O
NaN,have,O
NaN,been,O
NaN,closed,O
NaN,to,O
NaN,the,O
NaN,public,O
NaN,since,O
NaN,April,O
NaN,15,O
NaN,.,O
Sentence 1,PARIS,O
NaN,(,O
NaN,AP,O
NaN,),O
NaN,"""",O
Sentence 2,Paris,O
NaN,authorities,O
NaN,shut,O
NaN,down,O
NaN,streets,O
NaN,surrounding,O
NaN,the,O
NaN,Notre,O
NaN,Dame,O
NaN,Cathedral,O
NaN,to,O
NaN,decontaminate,O
NaN,them,O
NaN,Tuesday,O
NaN,after,O
NaN,high,O
NaN,levels,O
NaN,of,O
NaN,lead,B-chem
NaN,were,O
NaN,registered,O
NaN,in,O
NaN,the,O
NaN,area,O
NaN,following,O
NaN,the,O
NaN,April,O
NaN,blaze,O
NaN,that,O
NaN,damaged,O
NaN,the,O
NaN,landmark,O
NaN,.,O
Sentence 3,The,O
NaN,painstaking,O
NaN,cleanup,O
NaN,work,O
NaN,inside,O
NaN,Notre,O
NaN,Dame,O
NaN,itself,O
NaN,was,O
NaN,suspended,O
NaN,last,O
NaN,month,O
NaN,for,O
NaN,safety,O
NaN,reasons,O
NaN,as,O
NaN,activists,O
NaN,and,O
NaN,residents,O
NaN,accused,O
NaN,authorities,O
NaN,of,O
NaN,underestimating,O
NaN,the,O
NaN,threat,O
NaN,of,O
NaN,lead,B-chem
NaN,poisoning,O
NaN,.,O
Sentence 4,Hundreds,B-quant
NaN,of,I-quant
NaN,tons,I-quant
NaN,of,O
NaN,lead,B-chem
NaN,melted,O
NaN,in,O
NaN,the,O
NaN,fire,O
NaN,which,O
NaN,destroyed,O
NaN,the,O
NaN,cathedral,O
NaN,’s,O
NaN,metal,O
NaN,and,O
NaN,wood,O
NaN,roof,O
NaN,.,O
Sentence 5,Workers,O
NaN,began,O
NaN,decontaminating,O
NaN,last,O
NaN,week,O
NaN,some,O
NaN,Paris,O
NaN,schools,O
NaN,tested,O
NaN,with,O
NaN,unsafe,O
NaN,levels,O
NaN,of,O
NaN,lead,B-chem
NaN,and,O
NaN,city,O
NaN,authorities,O
NaN,say,O
NaN,all,O
NaN,schools,O
NaN,are,O
NaN,expected,O
NaN,to,O
NaN,be,O
NaN,decontaminated,O
NaN,when,O
NaN,children,O
NaN,return,O
NaN,to,O
NaN,school,O
NaN,in,O
NaN,early,O
NaN,September,O
NaN,.,O
Sentence 1,PARIS,O
NaN,(,O
NaN,AP,O
NaN,),O
NaN,"""",O
Sentence 2,Specialists,O
NaN,shoring,O
NaN,up,O
NaN,fire,O
NaN,-,O
NaN,damaged,O
NaN,Notre,O
NaN,Dame,O
NaN,Cathedral,O
NaN,returned,O
NaN,Monday,O
NaN,to,O
NaN,the,O
NaN,Paris,O
NaN,site,O
NaN,for,O
NaN,the,O
NaN,first,O
NaN,time,O
NaN,in,O
NaN,nearly,O
NaN,a,O
NaN,month,O
NaN,this,O
NaN,time,O
NaN,wearing,O
NaN,disposable,O
NaN,underwear,O
NaN,and,O
NaN,other,O
NaN,protective,O
NaN,gear,O
NaN,after,O
NaN,a,O
NaN,delay,O
NaN,prompted,O
NaN,by,O
NaN,fears,O
NaN,of,O
NaN,lead,B-chem
NaN,contamination,O
NaN,.,O
Sentence 3,Meanwhile,O
NaN,cleanup,O
NaN,teams,O
NaN,swept,O
NaN,sprayed,O
NaN,and,O
NaN,vacuumed,O
NaN,neighboring,O
NaN,streets,O
NaN,Monday,O
NaN,to,O
NaN,scrub,O
NaN,away,O
NaN,any,O
NaN,lead,B-chem
NaN,left,O
NaN,over,O
NaN,from,O
NaN,the,O
NaN,April,O
NaN,blaze,O
NaN,that,O
NaN,decimated,O
NaN,Notre,O
NaN,Dame,O
NaN,’s,O
NaN,roof,O
NaN,and,O
NaN,toppled,O
NaN,its,O
NaN,spire,O
NaN,.,O
Sentence 4,Toxic,O
NaN,dust,O
NaN,spewed,O
NaN,into,O
NaN,the,O
NaN,air,O
NaN,as,O
NaN,hundreds,B-quant
NaN,of,I-quant
NaN,tons,I-quant
NaN,of,O
NaN,lead,B-chem
NaN,melted,O
NaN,in,O
NaN,the,O
NaN,fire,O
NaN,.,O
Sentence 5,The,O
NaN,workers,O
NaN,are,O
NaN,clearing,O
NaN,out,O
NaN,hazardous,O
NaN,debris,O
NaN,and,O
NaN,studying,O
NaN,and,O
NaN,consolidating,O
NaN,the,O
NaN,medieval,O
NaN,monument,O
NaN,"""",O
NaN,a,O
NaN,crucial,O
NaN,first,O
NaN,step,O
NaN,to,O
NaN,prepare,O
NaN,the,O
NaN,fragile,O
NaN,cathedral,O
NaN,for,O
NaN,a,O
NaN,yearslong,O
NaN,multimillion,O
NaN,-,O
NaN,euro,O
NaN,reconstruction,O
NaN,effort,O
NaN,.,O
Sentence 6,But,O
NaN,even,O
NaN,this,O
NaN,first,O
NaN,step,O
NaN,is,O
NaN,taking,O
NaN,longer,O
NaN,than,O
NaN,expected,O
NaN,because,O
NaN,of,O
NaN,lead,B-chem
NaN,worries,O
NaN,.,O
Sentence 7,The,O
NaN,regional,O
NaN,health,O
NaN,authority,O
NaN,said,O
NaN,last,O
NaN,month,O
NaN,that,O
NaN,the,O
NaN,main,O
NaN,lead,B-chem
NaN,risk,O
NaN,was,O
NaN,inside,O
NaN,the,O
NaN,cathedral,O
NaN,itself,O
NaN,and,O
NaN,its,O
NaN,forecourt,O
NaN,and,O
NaN,that,O
NaN,no,O
NaN,dangerous,O
NaN,lead,B-chem
NaN,levels,O
NaN,had,O
NaN,been,O
NaN,registered,O
NaN,since,O
NaN,the,O
NaN,fire,O
NaN,in,O
NaN,the,O
NaN,surrounding,O
NaN,streets,O
NaN,where,O
NaN,tourists,O
NaN,and,O
NaN,residents,O
NaN,circulate,O
NaN,.,O
Sentence 1,LAPEER,O
NaN,Mich.,O
NaN,(,O
NaN,AP,O
NaN,),O
NaN,"""",O
Sentence 2,For,O
NaN,more,O
NaN,than,O
NaN,20,O
NaN,years,O
NaN,the,O
NaN,eastern,O
NaN,Michigan,O
NaN,town,O
NaN,of,O
NaN,Lapeer,O
NaN,sent,O
NaN,leftover,O
NaN,sludge,B-chem
NaN,from,O
NaN,its,O
NaN,sewage,O
NaN,treatment,O
NaN,plant,O
NaN,to,O
NaN,area,O
NaN,farms,O
NaN,supplying,O
NaN,them,O
NaN,with,O
NaN,high,O
NaN,-,O
NaN,quality,O
NaN,free,O
NaN,fertilizer,O
NaN,while,O
NaN,avoiding,O
NaN,the,O
NaN,expense,O
NaN,of,O
NaN,disposal,O
NaN,elsewhere,O
NaN,.,O
Sentence 3,But,O
NaN,state,O
NaN,inspectors,O
NaN,ordered,O
NaN,a,O
NaN,halt,O
NaN,to,O
NaN,the,O
NaN,practice,O
NaN,in,O
NaN,2017,O
NaN,after,O
NaN,learning,O
NaN,the,O
NaN,material,O
NaN,was,O
NaN,laced,O
NaN,with,O
NaN,one,O
NaN,of,O
NaN,the,O
NaN,potentially,O
NaN,harmful,O
NaN,chemicals,O
NaN,known,O
NaN,collectively,O
NaN,as,O
NaN,PFAS,B-chem
NaN,which,O
NaN,are,O
NaN,turning,O
NaN,up,O
NaN,in,O
NaN,drinking,O
NaN,water,O
NaN,and,O
NaN,some,O
NaN,foods,O
NaN,across,O
NaN,the,O
NaN,U.S.,O
Sentence 4,Now,O
NaN,the,O
NaN,city,O
NaN,of,O
NaN,8800,O
NaN,expects,O
NaN,to,O
NaN,pay,O
NaN,about,O
NaN,$,O
NaN,3,O
NaN,million,O
NaN,to,O
NaN,have,O
NaN,the,O
NaN,waste,O
NaN,treated,O
NaN,at,O
NaN,another,O
NaN,facility,O
NaN,and,O
NaN,the,O
NaN,leftover,O
NaN,solids,O
NaN,shipped,O
NaN,to,O
NaN,a,O
NaN,landfill,O
NaN,.,O
Sentence 5,Testing,O
NaN,has,O
NaN,found,O
NaN,elevated,O
NaN,PFAS,B-chem
NaN,levels,O
NaN,in,O
NaN,just,O
NaN,one,O
NaN,field,O
NaN,where,O
NaN,the,O
NaN,sludge,B-chem
NaN,was,O
NaN,spread,O
NaN,but,O
NaN,farmers,O
NaN,have,O
NaN,lost,O
NaN,an,O
NaN,economical,O
NaN,fertilizer,O
NaN,source,O
NaN,and,O
NaN,hope,O
NaN,more,O
NaN,contamination,O
NaN,does,O
NaN,n’t,O
NaN,turn,O
NaN,up,O
NaN,.,O
Sentence 6,"""",O
NaN,I,O
NaN,feel,O
NaN,bad,O
NaN,for,O
NaN,them,O
NaN,"""",O
NaN,said,O
NaN,Michael,O
NaN,Wurts,O
NaN,superintendent,O
NaN,of,O
NaN,the,O
NaN,waste,O
NaN,treatment,O
NaN,plant,O
NaN,who,O
NaN,ruefully,O
NaN,recalls,O
NaN,promoting,O
NaN,sludge,B-chem
NaN,as,O
NaN,an,O
NaN,agricultural,O
NaN,soil,O
NaN,additive,O
NaN,to,O
NaN,growers,O
NaN,in,O
NaN,the,O
NaN,community,O
NaN,.,O
Sentence 7,"""",O
NaN,The,O
NaN,city,O
NaN,did,O
NaN,n’t,O
NaN,do,O
NaN,anything,O
NaN,malicious,O
NaN,.,O
Sentence 8,We,O
NaN,had,O
NaN,no,O
NaN,clue,O
NaN,this,O
NaN,was,O
NaN,going,O
NaN,on,O
NaN,.,O
NaN,"""",O
Sentence 9,About,O
NaN,half,O
NaN,of,O
NaN,the,O
NaN,7,O
NaN,million,O
NaN,tons,O
NaN,generated,O
NaN,annually,O
NaN,in,O
NaN,the,O
NaN,U.S.,O
NaN,is,O
NaN,applied,O
NaN,to,O
NaN,farm,O
NaN,fields,O
NaN,and,O
NaN,other,O
NaN,lands,O
NaN,the,O
NaN,Environmental,O
NaN,Protection,O
NaN,Agency,O
NaN,says,O
NaN,.,O
Sentence 10,While,O
NaN,the,O
NaN,sludge,B-chem
NaN,offers,O
NaN,farmers,O
NaN,a,O
NaN,cheap,O
NaN,source,O
NaN,of,O
NaN,fertilizer,O
NaN,there,O
NaN,long,O
NaN,have,O
NaN,been,O
NaN,concerns,O
NaN,about,O
NaN,contaminants,O
NaN,in,O
NaN,the,O
NaN,material,O
NaN,"""",O
NaN,and,O
Sentence 11,attention,O
NaN,of,O
NaN,late,O
NaN,has,O
NaN,turned,O
NaN,to,O
NaN,perfluoroalkyl,B-chem
NaN,and,O
NaN,polyfluoroalkyl,B-chem
NaN,substances,O
NaN,or,O
NaN,PFAS,B-chem
NaN,.,O
Sentence 12,The,O
NaN,city,O
NaN,of,O
NaN,Marinette,O
NaN,Wisconsin,O
NaN,has,O
NaN,stopped,O
NaN,distributing,O
NaN,sewage,O
NaN,waste,O
NaN,also,O
NaN,called,O
NaN,"""",O
NaN,biosolids,B-chem
NaN,"""",O
NaN,to,O
NaN,farms,O
NaN,after,O
NaN,getting,O
NaN,high,O
NaN,PFAS,B-chem
NaN,readings,O
NaN,.,O
Sentence 13,In,O
NaN,Maine,O
NaN,a,O
NaN,dairy,O
NaN,farm,O
NaN,was,O
NaN,forced,O
NaN,to,O
NaN,shut,O
NaN,down,O
NaN,after,O
NaN,sludge,B-chem
NaN,spread,O
NaN,on,O
NaN,the,O
NaN,land,O
NaN,was,O
NaN,linked,O
NaN,to,O
NaN,high,O
NaN,levels,O
NaN,of,O
NaN,PFAS,B-chem
NaN,in,O
NaN,the,O
NaN,milk,O
NaN,.,O
Sentence 14,"""",O
NaN,It,O
NaN,’s,O
NaN,been,O
NaN,devastating,O
NaN,.,O
Sentence 15,We,O
NaN,kind,O
NaN,of,O
NaN,get,O
NaN,treated,O
NaN,like,O
NaN,we,O
NaN,are,O
NaN,criminals,O
NaN,"""",O
NaN,said,O
NaN,Stoneridge,O
NaN,Farm,O
NaN,’s,O
NaN,Fred,O
NaN,Stone,O
NaN,whose,O
NaN,blood,O
NaN,has,O
NaN,also,O
NaN,tested,O
NaN,high,O
NaN,for,O
NaN,PFAS,B-chem
NaN,from,O
NaN,what,O
NaN,he,O
NaN,believes,O
NaN,was,O
NaN,drinking,O
NaN,contaminated,O
NaN,water,O
NaN,and,O
NaN,milk,O
NaN,over,O
NaN,the,O
NaN,years,O
NaN,.,O
Sentence 16,The,O
NaN,concern,O
NaN,is,O
NaN,that,O
NaN,certain,O
NaN,PFAS,B-chem
NaN,chemicals,O
NaN,which,O
NaN,studies,O
NaN,have,O
NaN,associated,O
NaN,with,O
NaN,increased,O
NaN,risk,O
NaN,of,O
NaN,cancer,O
NaN,and,O
NaN,damage,O
NaN,to,O
NaN,organs,O
NaN,such,O
NaN,as,O
NaN,the,O
NaN,liver,O
NaN,and,O
NaN,thyroid,O
NaN,could,O
NaN,be,O
NaN,absorbed,O
NaN,by,O
NaN,crops,O
NaN,grown,O
NaN,in,O
NaN,soils,O
NaN,treated,O
NaN,with,O
NaN,polluted,O
NaN,sludge,O
NaN,and,O
NaN,wind,O
NaN,up,O
NaN,in,O
NaN,foods,O
NaN,.,O
Sentence 17,The,O
NaN,Food,O
NaN,and,O
NaN,Drug,O
NaN,Administration,O
NaN,this,O
NaN,year,O
NaN,reported,O
NaN,finding,O
NaN,substantial,O
NaN,levels,O
NaN,of,O
NaN,the,O
NaN,chemicals,O
NaN,in,O
NaN,random,O
NaN,samples,O
NaN,of,O
NaN,grocery,O
NaN,store,O
NaN,meats,O
NaN,dairy,O
NaN,products,O
NaN,seafood,O
NaN,and,O
NaN,even,O
NaN,off,O
NaN,-,O
NaN,the,O
NaN,-,O
NaN,shelf,O
NaN,chocolate,O
NaN,cake,O
NaN,although,O
NaN,the,O
NaN,study,O
NaN,did,O
NaN,not,O
NaN,mention,O
NaN,any,O
NaN,connection,O
NaN,to,O
NaN,sewage,O
NaN,waste,O
NaN,.,O
Sentence 18,"""",O
NaN,The,O
NaN,FDA,O
NaN,continues,O
NaN,to,O
NaN,work,O
NaN,with,O
NaN,other,O
NaN,federal,O
NaN,agencies,O
NaN,to,O
NaN,identify,O
NaN,sources,O
NaN,and,O
NaN,reduce,O
NaN,or,O
NaN,eliminate,O
NaN,pathways,O
NaN,for,O
NaN,dietary,O
NaN,PFAS,B-chem
NaN,exposure,O
NaN,including,O
NaN,through,O
NaN,use,O
NaN,of,O
NaN,biosolids,B-chem
NaN,"""",O
NaN,spokeswoman,O
NaN,Lindsay,O
NaN,Haake,O
NaN,said,O
NaN,.,O
Sentence 19,"""",O
NaN,We,O
NaN,do,O
NaN,n’t,O
NaN,have,O
NaN,a,O
NaN,lot,O
NaN,of,O
NaN,data,O
NaN,but,O
NaN,the,O
NaN,data,O
NaN,we,O
NaN,have,O
NaN,suggests,O
NaN,it,O
NaN,’s,O
NaN,a,O
NaN,problem,O
NaN,"""",O
NaN,Linda,O
NaN,Birnbaum,O
NaN,director,O
NaN,of,O
NaN,the,O
NaN,National,O
NaN,Institute,O
NaN,of,O
NaN,Environmental,O
NaN,Health,O
NaN,Sciences,O
NaN,said,O
NaN,at,O
NaN,a,O
NaN,recent,O
NaN,conference,O
NaN,in,O
NaN,Boston,O
NaN,.,O
Sentence 20,"""",O
NaN,We,O
NaN,are,O
NaN,finding,O
NaN,that,O
NaN,there,O
NaN,are,O
NaN,elevated,O
NaN,levels,O
NaN,of,O
NaN,different,O
NaN,PFAS,B-chem
NaN,in,O
NaN,biosolids,O
NaN,.,O
Sentence 21,We,O
NaN,clearly,O
NaN,need,O
NaN,more,O
NaN,research,O
NaN,in,O
NaN,this,O
NaN,area,O
NaN,.,O
NaN,"""",O
Sentence 22,Studies,O
NaN,have,O
NaN,documented,O
NaN,PFAS,B-chem
NaN,absorption,O
NaN,by,O
NaN,some,O
NaN,crops,O
NaN,"""",O
NaN,lettuce,O
NaN,tomatoes,O
NaN,and,O
NaN,radishes,O
NaN,among,O
NaN,them,O
NaN,"""",O
NaN,from,O
NaN,soils,O
NaN,fertilized,O
NaN,with,O
NaN,sewage,O
NaN,byproducts,O
NaN,.,O
Sentence 23,And,O
NaN,the,O
NaN,EPA,O
NaN,’s,O
NaN,inspector,O
NaN,general,O
NaN,reported,O
NaN,last,O
NaN,year,O
NaN,that,O
NaN,the,O
NaN,agency,O
NaN,was,O
NaN,falling,O
NaN,short,O
NaN,in,O
NaN,tracking,O
NaN,hundreds,O
NaN,of,O
NaN,pollutants,O
NaN,in,O
NaN,sludge,B-chem
NaN,including,O
NaN,PFAS,B-chem
NaN,.,O
Sentence 24,Yet,O
NaN,despite,O
NaN,growing,O
NaN,evidence,O
NaN,that,O
NaN,at,O
NaN,least,O
NaN,some,O
NaN,sludge,B-chem
NaN,is,O
NaN,contaminated,O
NaN,the,O
NaN,federal,O
NaN,government,O
NaN,has,O
NaN,n’t,O
NaN,limited,O
NaN,PFAS,B-chem
NaN,in,O
NaN,fertilizer,O
NaN,or,O
NaN,developed,O
NaN,a,O
NaN,standard,O
NaN,for,O
NaN,determining,O
NaN,safe,O
NaN,levels,O
NaN,.,O
Sentence 25,That,O
NaN,leaves,O
NaN,fertilizer,O
NaN,companies,O
NaN,and,O
NaN,farmers,O
NaN,wondering,O
NaN,what,O
NaN,to,O
NaN,do,O
NaN,and,O
NaN,fearful,O
NaN,of,O
NaN,consumer,O
NaN,backlash,O
NaN,.,O
Sentence 26,Advocacy,O
NaN,groups,O
NaN,say,O
NaN,EPA,O
NaN,also,O
NaN,should,O
NaN,look,O
NaN,at,O
NaN,chemicals,O
NaN,developed,O
NaN,as,O
NaN,replacements,O
NaN,for,O
NaN,PFOA,B-chem
NaN,and,O
NaN,PFOS,B-chem
NaN,which,O
NaN,studies,O
NaN,found,O
NaN,accumulate,O
NaN,in,O
NaN,edible,O
NaN,parts,O
NaN,of,O
NaN,plants,O
NaN,.,O
Sentence 27,"""",O
NaN,We,O
NaN,are,O
NaN,studying,O
NaN,the,O
NaN,potential,O
NaN,pathways,O
NaN,by,O
NaN,which,O
NaN,PFAS,B-chem
NaN,are,O
NaN,getting,O
NaN,into,O
NaN,biosolids,B-chem
NaN,and,O
NaN,we,O
NaN,are,O
NaN,researching,O
NaN,alternative,O
NaN,methods,O
NaN,for,O
NaN,removing,O
NaN,or,O
NaN,destroying,O
NaN,PFAS,B-chem
NaN,in,O
NaN,biosolids,B-chem
NaN,if,O
NaN,analysis,O
NaN,indicates,O
NaN,that,O
NaN,detected,O
NaN,levels,O
NaN,are,O
NaN,of,O
NaN,risk,O
NaN,and,O
NaN,need,O
NaN,reduction,O
NaN,"""",O
NaN,the,O
NaN,agency,O
NaN,told,O
NaN,The,O
NaN,Associated,O
NaN,Press,O
NaN,in,O
NaN,a,O
NaN,statement,O
NaN,.,O
Sentence 28,Its,O
NaN,inspector,O
NaN,general,O
NaN,reported,O
NaN,last,O
NaN,year,O
NaN,that,O
NaN,the,O
NaN,EPA,O
NaN,had,O
NaN,identified,O
NaN,352,O
NaN,pollutants,O
NaN,including,O
NaN,PFAS,B-chem
NaN,in,O
NaN,biosolids,O
NaN,.,O
Sentence 29,But,O
NaN,the,O
NaN,report,O
NaN,concluded,O
NaN,the,O
NaN,agency,O
NaN,had,O
NaN,too,O
NaN,little,O
NaN,data,O
NaN,and,O
NaN,other,O
NaN,tools,O
NaN,to,O
NaN,assess,O
NaN,their,O
NaN,safety,O
NaN,.,O
Sentence 30,Regulations,O
NaN,require,O
NaN,testing,O
NaN,for,O
NaN,only,O
NaN,nine,O
NaN,pollutants,O
NaN,in,O
NaN,sludge,B-chem
NaN,all,O
NaN,heavy,O
NaN,metals,O
NaN,.,O
Sentence 31,Maine,O
NaN,also,O
NaN,found,O
NaN,most,O
NaN,biosolids,O
NaN,from,O
NaN,more,O
NaN,than,O
NaN,30,O
NaN,wastewater,O
NaN,treatment,O
NaN,plants,O
NaN,were,O
NaN,above,O
NaN,the,O
NaN,state,O
NaN,’s,O
NaN,advisory,O
NaN,level,O
NaN,while,O
NaN,neighboring,O
NaN,New,O
NaN,Hampshire,O
NaN,detected,O
NaN,PFAS,B-chem
NaN,in,O
NaN,tests,O
NaN,of,O
NaN,sludge,B-chem
NaN,from,O
NaN,two,O
NaN,dozen,O
NaN,permit,O
NaN,holders,O
NaN,.,O
Sentence 32,Neither,O
NaN,state,O
NaN,found,O
NaN,traceable,O
NaN,levels,O
NaN,of,O
NaN,PFAS,B-chem
NaN,in,O
NaN,the,O
NaN,milk,O
NaN,tested,O
NaN,.,O
Sentence 33,Companies,O
NaN,that,O
NaN,manufacture,O
NaN,compost,O
NaN,"""",O
NaN,some,O
NaN,from,O
NaN,sewage,O
NaN,sludge,B-chem
NaN,"""",O
NaN,contend,O
NaN,tough,O
NaN,standards,O
NaN,are,O
NaN,premature,O
NaN,until,O
NaN,scientists,O
NaN,determine,O
NaN,acceptable,O
NaN,PFAS,B-chem
NaN,levels,O
NaN,.,O
Sentence 1,PORT,O
NaN,NECHES,O
NaN,Texas,O
NaN,(,O
NaN,AP,O
NaN,),O
NaN,"""",O
Sentence 2,Three,O
NaN,workers,O
NaN,were,O
NaN,injured,O
NaN,early,O
NaN,Wednesday,O
NaN,in,O
NaN,a,O
NaN,massive,O
NaN,explosion,O
NaN,at,O
NaN,a,O
NaN,Texas,O
NaN,chemical,O
NaN,plant,O
NaN,that,O
NaN,also,O
NaN,blew,O
NaN,out,O
NaN,the,O
NaN,windows,O
NaN,and,O
NaN,doors,O
NaN,of,O
NaN,nearby,O
NaN,homes,O
NaN,.,O
Sentence 3,Monk,O
NaN,said,O
NaN,the,O
NaN,blast,O
NaN,occurred,O
NaN,in,O
NaN,an,O
NaN,area,O
NaN,of,O
NaN,the,O
NaN,plant,O
NaN,that,O
NaN,makes,O
NaN,butadiene,B-chem
NaN,a,O
NaN,chemical,O
NaN,used,O
NaN,in,O
NaN,the,O
NaN,manufacture,O
NaN,of,O
NaN,synthetic,O
NaN,rubber,O
NaN,and,O
NaN,other,O
NaN,products,O
NaN,.,O
Sentence 4,He,O
NaN,said,O
NaN,the,O
NaN,plant,O
NaN,has,O
NaN,175,O
NaN,full,O
NaN,-,O
NaN,time,O
NaN,employees,O
NaN,and,O
NaN,50,O
NaN,contract,O
NaN,workers,O
NaN,.,O
Sentence 5,In,O
NaN,the,O
NaN,March,O
NaN,fire,O
NaN,prosecutors,O
NaN,filed,O
NaN,five,O
NaN,water,O
NaN,pollution,O
NaN,charges,O
NaN,against,O
NaN,the,O
NaN,company,O
NaN,that,O
NaN,owns,O
NaN,the,O
NaN,petrochemical,O
NaN,storage,O
NaN,facility,O
NaN,after,O
NaN,chemicals,O
NaN,flowed,O
NaN,into,O
NaN,a,O
NaN,nearby,O
NaN,waterway,O
NaN,.,O
Sentence 1,Port,O
NaN,Neches,O
NaN,fire,O
NaN,Captain,O
NaN,Tyler,O
NaN,Herbert,O
NaN,said,O
NaN,Thursday,O
NaN,morning,O
NaN,that,O
NaN,the,O
NaN,fire,O
NaN,is,O
NaN,still,O
NaN,burning,O
NaN,and,O
NaN,that,O
NaN,a,O
NaN,mandatory,O
NaN,evacuation,O
NaN,order,O
NaN,covering,O
NaN,a,O
NaN,4-mile,O
NaN,radius,O
NaN,around,O
NaN,the,O
NaN,plant,O
NaN,remains,O
NaN,in,O
NaN,effect,O
NaN,.,O
Sentence 2,That,O
NaN,order,O
NaN,effects,O
NaN,500,O
NaN,people,O
NaN,TV,O
NaN,station,O
NaN,KBMT,O
NaN,reported,O
NaN,.,O
Sentence 3,The,O
NaN,initial,O
NaN,explosion,O
NaN,at,O
NaN,the,O
NaN,TPC,O
NaN,Group,O
NaN,plant,O
NaN,which,O
NaN,makes,O
NaN,chemical,O
NaN,and,O
NaN,petroleum,B-chem
NaN,-,O
NaN,based,O
NaN,products,O
NaN,occurred,O
NaN,around,O
NaN,1,O
NaN,a.m.,O
Sentence 4,It,O
NaN,sent,O
NaN,a,O
NaN,large,O
NaN,plume,O
NaN,of,O
NaN,smoke,O
NaN,stretching,O
NaN,for,O
NaN,miles,O
NaN,and,O
NaN,started,O
NaN,a,O
NaN,fire,O
NaN,.,O
Sentence 5,Monk,O
NaN,had,O
NaN,said,O
NaN,the,O
NaN,blast,O
NaN,occurred,O
NaN,in,O
NaN,an,O
NaN,area,O
NaN,of,O
NaN,the,O
NaN,plant,O
NaN,that,O
NaN,makes,O
NaN,butadiene,B-chem
NaN,a,O
NaN,chemical,O
NaN,used,O
NaN,to,O
NaN,make,O
NaN,synthetic,O
NaN,rubber,O
NaN,and,O
NaN,other,O
NaN,products,O
NaN,.,O
Sentence 6,Officials,O
NaN,on,O
NaN,Thursday,O
NaN,evening,O
NaN,however,O
NaN,said,O
NaN,that,O
NaN,early,O
NaN,concerns,O
NaN,about,O
NaN,butadiene,B-chem
NaN,contamination,O
NaN,from,O
NaN,the,O
NaN,blast,O
NaN,have,O
NaN,n’t,O
NaN,materialized,O
NaN,as,O
NaN,they,O
NaN,learned,O
NaN,the,O
NaN,main,O
NaN,storage,O
NaN,area,O
NaN,for,O
NaN,that,O
NaN,cancer,O
NaN,-,O
NaN,causing,O
NaN,chemical,O
NaN,did,O
NaN,n’t,O
NaN,take,O
NaN,the,O
NaN,brunt,O
NaN,of,O
NaN,the,O
NaN,fire,O
NaN,.,O
Sentence 7,Environmental,O
NaN,Protection,O
NaN,Agency,O
NaN,spokesman,O
NaN,Adam,O
NaN,Adams,O
NaN,said,O
NaN,that,O
NaN,while,O
NaN,volatile,O
NaN,organic,O
NaN,compounds,O
NaN,were,O
NaN,detected,O
NaN,by,O
NaN,some,O
NaN,of,O
NaN,the,O
NaN,20,O
NaN,teams,O
NaN,monitoring,O
NaN,air,O
NaN,pollution,O
NaN,in,O
NaN,the,O
NaN,area,O
NaN,none,O
NaN,of,O
NaN,them,O
NaN,detected,O
NaN,levels,O
NaN,higher,O
NaN,than,O
NaN,five,B-quant
NaN,parts,I-quant
NaN,per,I-quant
NaN,million,I-quant
NaN,the,O
NaN,agencies,O
NaN,’,O
NaN,‘,O
NaN,action,O
NaN,level,O
NaN,.,O
NaN,’,O
