Sentence 1,A,O,
NaN,Department,O,
NaN,of,O,
NaN,Public,O,
NaN,Works,O,
NaN,crews,O,
NaN,equipment,O,
NaN,may,O,
NaN,be,O,
NaN,the,O,
NaN,source,O,
NaN,of,O,
NaN,an,O,
NaN,oily,O,
NaN,sheen,O,
NaN,found,O,
NaN,in,O,
NaN,the,O,
NaN,Plumbrook,O,
NaN,Drain,O,
NaN,Jan.,O,
NaN,17,O,
NaN,.,O,
Sentence 2,Macomb,O,
NaN,County,O,
NaN,workers,O,
NaN,took,O,
NaN,action,O,
NaN,that,O,
NaN,day,O,
NaN,after,O,
NaN,receiving,O,
NaN,a,O,
NaN,tip,O,
NaN,about,O,
NaN,oil,O,
NaN,spilling,O,
NaN,into,O,
NaN,the,O,
NaN,Plumbrook,O,
NaN,Drain,O,
NaN,,,O,
NaN,near,O,
NaN,19,O,
NaN,Mile,O,
NaN,Road,O,
NaN,,,O,
NaN,west,O,
NaN,of,O,
NaN,Ryan,O,
NaN,Road,O,
NaN,.,O,
Sentence 3,Crews,O,
NaN,from,O,
NaN,the,O,
NaN,Macomb,O,
NaN,County,O,
NaN,Public,O,
NaN,Works,O,
NaN,Office,O,
NaN,reportedly,O,
NaN,spent,O,
NaN,the,O,
NaN,day,O,
NaN,taking,O,
NaN,steps,O,
NaN,to,O,
NaN,ì,O,
NaN,contain,O,
NaN,and,O,
NaN,absorb,O,
NaN,î,O,
NaN,the,O,
NaN,substance,O,
NaN,by,O,
NaN,setting,O,
NaN,up,O,
NaN,booms,O,
NaN,,,O,
NaN,or,O,
NaN,floating,O,
NaN,barriers,O,
NaN,.,O,
Sentence 4,They,O,
NaN,reportedly,O,
NaN,searched,O,
NaN,the,O,
NaN,area,O,
NaN,to,O,
NaN,find,O,
NaN,where,O,
NaN,the,O,
NaN,suspected,O,
NaN,oil,O,
NaN,had,O,
NaN,come,O,
NaN,from,O,
NaN,.,O,
Sentence 5,A,O,
NaN,photo,O,
NaN,produced,O,
NaN,by,O,
NaN,the,O,
NaN,county,O,
NaN,shows,O,
NaN,a,O,
NaN,rainbow,O,
NaN,-,O,
NaN,streaked,O,
NaN,sheen,O,
NaN,upon,O,
NaN,the,O,
NaN,drain,O,
NaN,ís,O,
NaN,water,O,
NaN,.,O,
Sentence 6,In,O,
NaN,a,O,
NaN,statement,O,
NaN,,,O,
NaN,Public,O,
NaN,Works,O,
NaN,Commissioner,O,
NaN,Candice,O,
NaN,Miller,O,
NaN,encouraged,O,
NaN,people,O,
NaN,to,O,
NaN,be,O,
NaN,ì,O,
NaN,our,O,
NaN,eyes,O,
NaN,and,O,
NaN,ears,O,
NaN,î,O,
NaN,to,O,
NaN,rapidly,O,
NaN,combat,O,
NaN,pollution,O,
NaN,.,O,
Sentence 7,ì,O,
NaN,Protecting,O,
NaN,our,O,
NaN,waterways,O,
NaN,is,O,
NaN,our,O,
NaN,No,O,
NaN,.,O,
NaN,1,O,
NaN,priority,O,
NaN,.,O,
Sentence 8,It,O,
NaN,is,O,
NaN,critical,O,
NaN,that,O,
NaN,we,O,
NaN,respond,O,
NaN,quickly,O,
NaN,so,O,
NaN,we,O,
NaN,are,O,
NaN,able,O,
NaN,to,O,
NaN,prevent,O,
NaN,pollutants,O,
NaN,from,O,
NaN,making,O,
NaN,their,O,
NaN,way,O,
NaN,into,O,
NaN,Lake,O,
NaN,St.,O,
NaN,Clair,O,
NaN,,,O,
NaN,î,O,
NaN,she,O,
NaN,said,O,
NaN,.,O,
Sentence 9,The,O,
NaN,news,O,
NaN,of,O,
NaN,the,O,
NaN,incident,O,
NaN,did,O,
NaN,not,O,
NaN,reach,O,
NaN,some,O,
NaN,Sterling,O,
NaN,Heights,O,
NaN,officials,O,
NaN,right,O,
NaN,away,O,
NaN,.,O,
Sentence 10,At,O,
NaN,around,O,
NaN,4,O,
NaN,p.m.,O,
NaN,that,O,
NaN,afternoon,O,
NaN,,,O,
NaN,Sterling,O,
NaN,Heights,O,
NaN,Fire,O,
NaN,Chief,O,
NaN,Chris,O,
NaN,Martin,O,
NaN,said,O,
NaN,he,O,
NaN,was,O,
NaN,unaware,O,
NaN,of,O,
NaN,the,O,
NaN,spill,O,
NaN,and,O,
NaN,planned,O,
NaN,to,O,
NaN,look,O,
NaN,into,O,
NaN,the,O,
NaN,incident,O,
NaN,.,O,
Sentence 11,The,O,
NaN,city,O,
NaN,ís,O,
NaN,community,O,
NaN,relations,O,
NaN,director,O,
NaN,,,O,
NaN,Bridget,O,
NaN,Kozlowski,O,
NaN,,,O,
NaN,also,O,
NaN,had,O,
NaN,nít,O,
NaN,heard,O,
NaN,about,O,
NaN,the,O,
NaN,incident,O,
NaN,until,O,
NaN,contacted,O,
NaN,by,O,
NaN,the,O,
NaN,Sentry,O,
NaN,.,O,
Sentence 12,Dan,O,
NaN,Heaton,O,
NaN,,,O,
NaN,public,O,
NaN,relations,O,
NaN,manager,O,
NaN,for,O,
NaN,the,O,
NaN,Macomb,O,
NaN,County,O,
NaN,Public,O,
NaN,Works,O,
NaN,Office,O,
NaN,,,O,
NaN,said,O,
NaN,his,O,
NaN,department,O,
NaN,typically,O,
NaN,works,O,
NaN,with,O,
NaN,the,O,
NaN,Fire,O,
NaN,Department,O,
NaN,on,O,
NaN,environmental,O,
NaN,matters,O,
NaN,like,O,
NaN,these,O,
NaN,,,O,
NaN,though,O,
NaN,he,O,
NaN,added,O,
NaN,that,O,
NaN,he,O,
NaN,ì,O,
NaN,ca,O,
NaN,nít,O,
NaN,speak,O,
NaN,directly,O,
NaN,to,O,
NaN,this,O,
NaN,incident,O,
NaN,.,O,
NaN,î,O,
Sentence 13,City,O,
NaN,officials,O,
NaN,said,O,
NaN,in,O,
NaN,a,O,
NaN,press,O,
NaN,release,O,
NaN,dated,O,
NaN,later,O,
NaN,that,O,
NaN,day,O,
NaN,that,O,
NaN,they,O,
NaN,told,O,
NaN,the,O,
NaN,Macomb,O,
NaN,County,O,
NaN,Public,O,
NaN,Works,O,
NaN,Office,O,
NaN,that,O,
NaN,a,O,
NaN,Sterling,O,
NaN,Heights,O,
NaN,Department,O,
NaN,of,O,
NaN,Public,O,
NaN,Works,O,
NaN,crew,O,
NaN,had,O,
NaN,used,O,
NaN,heavy,O,
NaN,machinery,O,
NaN,in,O,
NaN,the,O,
NaN,area,O,
NaN,,,O,
NaN,which,O,
NaN,might,O,
NaN,have,O,
NaN,affected,O,
NaN,the,O,
NaN,drain,O,
NaN,.,O,
Sentence 14,ì,O,
NaN,The,O,
NaN,city,O,
NaN,of,O,
NaN,Sterling,O,
NaN,Heights,O,
NaN,is,O,
NaN,investigating,O,
NaN,whether,O,
NaN,the,O,
NaN,heavy,O,
NaN,machinery,O,
NaN,malfunctioned,O,
NaN,causing,O,
NaN,the,O,
NaN,discharge,O,
NaN,of,O,
NaN,hydraulic,O,
NaN,fluid,O,
NaN,and,O,
NaN,is,O,
NaN,fully,O,
NaN,cooperating,O,
NaN,with,O,
NaN,the,O,
NaN,MCPWO,O,
NaN,,,O,
NaN,î,O,
NaN,the,O,
NaN,statement,O,
NaN,reads,O,
NaN,.,O,
Sentence 1,Drinking,O,
NaN,water,O,
NaN,in,O,
NaN,three,O,
NaN,Macomb,O,
NaN,and,O,
NaN,St.,O,
NaN,Clair,O,
NaN,county,O,
NaN,communities,O,
NaN,tested,O,
NaN,positive,O,
NaN,for,O,
NaN,contamination,O,
NaN,,,O,
NaN,according,O,
NaN,to,O,
NaN,state,O,
NaN,environmental,O,
NaN,officials,O,
NaN,.,O,
Sentence 2,The,O,
NaN,Michigan,O,
NaN,Department,O,
NaN,of,O,
NaN,Environmental,O,
NaN,Quality,O,
NaN,found,O,
NaN,perfluoroalkyl,O,
NaN,and,O,
NaN,polyfluoroalkyl,O,
NaN,substances,O,
NaN,,,O,
NaN,known,O,
NaN,as,O,
NaN,PFAS,O,
NaN,,,O,
NaN,in,O,
NaN,water,O,
NaN,in,O,
NaN,New,O,
NaN,Baltimore,O,
NaN,,,O,
NaN,Mount,O,
NaN,Clemens,O,
NaN,and,O,
NaN,Ira,O,
NaN,Township,O,
NaN,,,O,
NaN,MLive,O,
NaN,reported,O,
NaN,.,O,
Sentence 3,The,O,
NaN,agency,O,
NaN,tested,O,
NaN,groundwater,O,
NaN,and,O,
NaN,treated,O,
NaN,drinking,O,
NaN,water,O,
NaN,in,O,
NaN,the,O,
NaN,area,O,
NaN,in,O,
NaN,January,O,
NaN,.,O,
Sentence 4,The,O,
NaN,department,O,
NaN,issued,O,
NaN,letters,O,
NaN,March,O,
NaN,2,O,
NaN,alerting,O,
NaN,residents,O,
NaN,to,O,
NaN,the,O,
NaN,presence,O,
NaN,of,O,
NaN,the,O,
NaN,substances,O,
NaN,,,O,
NaN,which,O,
NaN,have,O,
NaN,been,O,
NaN,used,O,
NaN,in,O,
NaN,non,O,
NaN,-,O,
NaN,stick,O,
NaN,cookware,O,
NaN,,,O,
NaN,stain,O,
NaN,resistant,O,
NaN,fabrics,O,
NaN,and,O,
NaN,firefighting,O,
NaN,foams,O,
NaN,.,O,
Sentence 5,The,O,
NaN,chemicals,O,
NaN,have,O,
NaN,been,O,
NaN,linked,O,
NaN,to,O,
NaN,cancer,O,
NaN,,,O,
NaN,thyroid,O,
NaN,disorders,O,
NaN,,,O,
NaN,elevated,O,
NaN,cholesterol,O,
NaN,and,O,
NaN,other,O,
NaN,diseases,O,
NaN,.,O,
Sentence 6,Current,O,
NaN,contamination,O,
NaN,levels,O,
NaN,do,O,
NaN,n't,O,
NaN,pose,O,
NaN,any,O,
NaN,significant,O,
NaN,danger,O,
NaN,,,O,
NaN,the,O,
NaN,department,O,
NaN,said,O,
NaN,.,O,
Sentence 7,",O,
NaN,I,O,
NaN,want,O,
NaN,to,O,
NaN,assure,O,
NaN,the,O,
NaN,residents,O,
NaN,of,O,
NaN,the,O,
NaN,city,O,
NaN,that,O,
NaN,their,O,
NaN,water,O,
NaN,is,O,
NaN,safe,O,
NaN,to,O,
NaN,drink,O,
NaN,and,O,
NaN,that,O,
NaN,a,O,
NaN,boil,O,
NaN,water,O,
NaN,advisory,O,
NaN,has,O,
NaN,not,O,
NaN,been,O,
NaN,issued,O,
NaN,,,O,
NaN,",O,
NaN,New,O,
NaN,Baltimore,O,
NaN,Mayor,O,
NaN,John,O,
NaN,Dupray,O,
NaN,said,O,
NaN,.,O,
Sentence 8,\‚ÄùI,O,
NaN,will,O,
NaN,be,O,
NaN,attending,O,
NaN,a,O,
NaN,meeting,O,
NaN,with,O,
NaN,the,O,
NaN,MDEQ,O,
NaN,early,O,
NaN,next,O,
NaN,week,O,
NaN,to,O,
NaN,discuss,O,
NaN,this,O,
NaN,issue,O,
NaN,in,O,
NaN,greater,O,
NaN,detail,O,
NaN,.,O,
Sentence 9,We,O,
NaN,strive,O,
NaN,to,O,
NaN,provide,O,
NaN,the,O,
NaN,highest,O,
NaN,quality,O,
NaN,water,O,
NaN,possible,O,
NaN,and,O,
NaN,will,O,
NaN,continue,O,
NaN,to,O,
NaN,do,O,
NaN,so.\,O,
NaN,‚Äù,O,
Sentence 10,The,O,
NaN,contamination,O,
NaN,is,O,
NaN,believed,O,
NaN,to,O,
NaN,have,O,
NaN,originated,O,
NaN,in,O,
NaN,Lake,O,
NaN,St.,O,
NaN,Clair,O,
NaN,,,O,
NaN,though,O,
NaN,the,O,
NaN,exact,O,
NaN,source,O,
NaN,is,O,
NaN,unknown,O,
NaN,.,O,
Sentence 11,Last,O,
NaN,year,O,
NaN,,,O,
NaN,Gov.,O,
NaN,Rick,O,
NaN,Snyder,O,
NaN,announced,O,
NaN,that,O,
NaN,the,O,
NaN,state,O,
NaN,is,O,
NaN,committed,O,
NaN,to,O,
NaN,spending,O,
NaN,more,O,
NaN,than,O,
NaN,$,O,
NaN,23,O,
NaN,million,O,
NaN,to,O,
NaN,combat,O,
NaN,PFAS,O,
NaN,contamination,O,
NaN,.,O,
Sentence 12,Plainfield,O,
NaN,Township,O,
NaN,,,O,
NaN,the,O,
NaN,Saginaw,O,
NaN,-,O,
NaN,Midland,O,
NaN,Corp.,O,
NaN,,,O,
NaN,Huron,O,
NaN,Shores,O,
NaN,Regional,O,
NaN,Water,O,
NaN,Authority,O,
NaN,system,O,
NaN,in,O,
NaN,Tawas,O,
NaN,,,O,
NaN,Ann,O,
NaN,Arbor,O,
NaN,,,O,
NaN,Grayling,O,
NaN,and,O,
NaN,the,O,
NaN,village,O,
NaN,of,O,
NaN,Sparta,O,
NaN,have,O,
NaN,also,O,
NaN,detected,O,
NaN,PFAS,O,
NaN,in,O,
NaN,their,O,
NaN,water,O,
NaN,.,O,
Sentence 1,CASCADE,O,
NaN,TOWNSHIP,O,
NaN,‚Äî,O,
NaN,Testing,O,
NaN,of,O,
NaN,private,O,
NaN,drinking,O,
NaN,wells,O,
NaN,near,O,
NaN,an,O,
NaN,airport,O,
NaN,southeast,O,
NaN,of,O,
NaN,Grand,O,
NaN,Rapids,O,
NaN,has,O,
NaN,found,O,
NaN,chemical,O,
NaN,contaminants,O,
NaN,after,O,
NaN,a,O,
NaN,report,O,
NaN,identified,O,
NaN,the,O,
NaN,airport,O,
NaN,'s,O,
NaN,extensive,O,
NaN,use,O,
NaN,of,O,
NaN,toxic,O,
NaN,firefighting,O,
NaN,foam,O,
NaN,.,O,
Sentence 2,WOOD,O,
NaN,-,O,
NaN,TV,O,
NaN,reports,O,
NaN,that,O,
NaN,Gordon,O,
NaN,Water,O,
NaN,Systems,O,
NaN,tested,O,
NaN,20,O,
NaN,wells,O,
NaN,at,O,
NaN,homes,O,
NaN,near,O,
NaN,the,O,
NaN,Gerald,O,
NaN,R.,O,
NaN,Ford,O,
NaN,International,O,
NaN,Airport,O,
NaN,in,O,
NaN,Kent,O,
NaN,County,O,
NaN,.,O,
Sentence 3,Many,O,
NaN,residents,O,
NaN,requested,O,
NaN,testing,O,
NaN,after,O,
NaN,the,O,
NaN,news,O,
NaN,station,O,
NaN,revealed,O,
NaN,the,O,
NaN,airport,O,
NaN,used,O,
NaN,the,O,
NaN,toxic,O,
NaN,firefighting,O,
NaN,foam,O,
NaN,for,O,
NaN,more,O,
NaN,than,O,
NaN,two,O,
NaN,decades,O,
NaN,.,O,
Sentence 4,The,O,
NaN,company,O,
NaN,,,O,
NaN,which,O,
NaN,services,O,
NaN,Kalamazoo,O,
NaN,,,O,
NaN,Grand,O,
NaN,Rapids,O,
NaN,and,O,
NaN,Portage,O,
NaN,,,O,
NaN,found,O,
NaN,perfluorinated,O,
NaN,chemicals,O,
NaN,in,O,
NaN,four,O,
NaN,wells,O,
NaN,.,O,
Sentence 5,The,O,
NaN,chemicals,O,
NaN,are,O,
NaN,often,O,
NaN,found,O,
NaN,in,O,
NaN,the,O,
NaN,firefighting,O,
NaN,foam,O,
NaN,.,O,
Sentence 6,The,O,
NaN,tests,O,
NaN,did,O,
NaN,n't,O,
NaN,find,O,
NaN,any,O,
NaN,perfluorinated,O,
NaN,chemicals,O,
NaN,above,O,
NaN,the,O,
NaN,state,O,
NaN,'s,O,
NaN,limit,O,
NaN,for,O,
NaN,drinking,O,
NaN,water,O,
NaN,.,O,
Sentence 7,But,O,
NaN,many,O,
NaN,residents,O,
NaN,say,O,
NaN,the,O,
NaN,results,O,
NaN,show,O,
NaN,that,O,
NaN,widespread,O,
NaN,testing,O,
NaN,is,O,
NaN,needed,O,
NaN,.,O,
Sentence 8,Airport,O,
NaN,officials,O,
NaN,say,O,
NaN,they,O,
NaN,'re,O,
NaN,investigating,O,
NaN,the,O,
NaN,contaminants,O,
NaN,but,O,
NaN,have,O,
NaN,no,O,
NaN,immediate,O,
NaN,plans,O,
NaN,to,O,
NaN,test,O,
NaN,neighboring,O,
NaN,wells,O,
NaN,.,O,
Sentence 1,Submerged,O,
NaN,cables,O,
NaN,that,O,
NaN,carried,O,
NaN,electricity,O,
NaN,between,O,
NaN,Michigan,O,
NaN,'s,O,
NaN,two,O,
NaN,peninsulas,O,
NaN,were,O,
NaN,shut,O,
NaN,down,O,
NaN,after,O,
NaN,leaking,O,
NaN,about,O,
NaN,550,O,
NaN,gallons,O,
NaN,of,O,
NaN,coolant,O,
NaN,fluid,O,
NaN,into,O,
NaN,the,O,
NaN,waterway,O,
NaN,that,O,
NaN,connects,O,
NaN,Lake,O,
NaN,Huron,O,
NaN,and,O,
NaN,Lake,O,
NaN,Michigan,O,
NaN,,,O,
NaN,officials,O,
NaN,said,O,
NaN,Tuesday,O,
NaN,.,O,
Sentence 2,The,O,
NaN,fluid,O,
NaN,is,O,
NaN,a,O,
NaN,mineral,O,
NaN,-,O,
NaN,based,O,
NaN,synthetic,O,
NaN,oil,O,
NaN,used,O,
NaN,for,O,
NaN,insulation,O,
NaN,that,O,
NaN,can,O,
NaN,be,O,
NaN,harmful,O,
NaN,if,O,
NaN,released,O,
NaN,into,O,
NaN,the,O,
NaN,environment,O,
NaN,,,O,
NaN,said,O,
NaN,Jackie,O,
NaN,Olson,O,
NaN,,,O,
NaN,spokeswoman,O,
NaN,for,O,
NaN,American,O,
NaN,Transmission,O,
NaN,Co.,O,
NaN,,,O,
NaN,which,O,
NaN,operates,O,
NaN,the,O,
NaN,cables,O,
NaN,.,O,
Sentence 3,It,O,
NaN,was,O,
NaN,too,O,
NaN,early,O,
NaN,to,O,
NaN,know,O,
NaN,what,O,
NaN,ecological,O,
NaN,damage,O,
NaN,might,O,
NaN,have,O,
NaN,been,O,
NaN,done,O,
NaN,in,O,
NaN,the,O,
NaN,Straits,O,
NaN,of,O,
NaN,Mackinac,O,
NaN,,,O,
NaN,said,O,
NaN,Joe,O,
NaN,Haas,O,
NaN,,,O,
NaN,district,O,
NaN,supervisor,O,
NaN,for,O,
NaN,the,O,
NaN,Michigan,O,
NaN,Department,O,
NaN,of,O,
NaN,Environmental,O,
NaN,Quality,O,
NaN,.,O,
Sentence 4,No,O,
NaN,warnings,O,
NaN,were,O,
NaN,issued,O,
NaN,for,O,
NaN,people,O,
NaN,to,O,
NaN,avoid,O,
NaN,the,O,
NaN,area,O,
NaN,,,O,
NaN,where,O,
NaN,shoreline,O,
NaN,areas,O,
NaN,remain,O,
NaN,blanketed,O,
NaN,with,O,
NaN,ice,O,
NaN,,,O,
NaN,said,O,
NaN,Lt,O,
NaN,.,O,
NaN,Rachel,O,
NaN,Wellman,O,
NaN,of,O,
NaN,the,O,
NaN,U.S.,O,
NaN,Coast,O,
NaN,Guard,O,
NaN,.,O,
Sentence 5,\‚ÄúWe've,O,
NaN,confirmed,O,
NaN,the,O,
NaN,risk,O,
NaN,to,O,
NaN,human,O,
NaN,health,O,
NaN,is,O,
NaN,very,O,
NaN,low,O,
NaN,at,O,
NaN,the,O,
NaN,greatest,\,O,
NaN,‚Äù,O,
NaN,she,O,
NaN,said,O,
NaN,.,O,
Sentence 6,Michigan,O,
NaN,'s,O,
NaN,environmental,O,
NaN,agency,O,
NaN,advised,O,
NaN,nearby,O,
NaN,towns,O,
NaN,to,O,
NaN,monitor,O,
NaN,their,O,
NaN,drinking,O,
NaN,water,O,
NaN,.,O,
Sentence 7,The,O,
NaN,leak,O,
NaN,was,O,
NaN,discovered,O,
NaN,after,O,
NaN,the,O,
NaN,two,O,
NaN,cables,O,
NaN,tripped,O,
NaN,offline,O,
NaN,Sunday,O,
NaN,evening,O,
NaN,,,O,
NaN,the,O,
NaN,company,O,
NaN,said,O,
NaN,in,O,
NaN,a,O,
NaN,statement,O,
NaN,.,O,
Sentence 8,Pressure,O,
NaN,on,O,
NaN,the,O,
NaN,system,O,
NaN,was,O,
NaN,reduced,O,
NaN,Monday,O,
NaN,to,O,
NaN,keep,O,
NaN,the,O,
NaN,loss,O,
NaN,to,O,
NaN,a,O,
NaN,minimum,O,
NaN,as,O,
NaN,personnel,O,
NaN,traced,O,
NaN,the,O,
NaN,source,O,
NaN,of,O,
NaN,the,O,
NaN,leak,O,
NaN,.,O,
Sentence 9,The,O,
NaN,cause,O,
NaN,was,O,
NaN,unknown,O,
NaN,and,O,
NaN,it,O,
NaN,was,O,
NaN,n't,O,
NaN,immediately,O,
NaN,clear,O,
NaN,whether,O,
NaN,both,O,
NaN,cables,O,
NaN,were,O,
NaN,leaking,O,
NaN,,,O,
NaN,although,O,
NaN,both,O,
NaN,had,O,
NaN,sustained,O,
NaN,damage,O,
NaN,,,O,
NaN,Olson,O,
NaN,said,O,
NaN,.,O,
Sentence 10,Crews,O,
NaN,were,O,
NaN,attempting,O,
NaN,to,O,
NaN,use,O,
NaN,hoses,O,
NaN,and,O,
NaN,a,O,
NaN,vacuum,O,
NaN,truck,O,
NaN,to,O,
NaN,pump,O,
NaN,out,O,
NaN,whatever,O,
NaN,fluid,O,
NaN,remained,O,
NaN,in,O,
NaN,the,O,
NaN,cables,O,
NaN,,,O,
NaN,Wellman,O,
NaN,said,O,
NaN,.,O,
Sentence 11,The,O,
NaN,Coast,O,
NaN,Guard,O,
NaN,had,O,
NaN,two,O,
NaN,vessels,O,
NaN,standing,O,
NaN,by,O,
NaN,,,O,
NaN,with,O,
NaN,four,O,
NaN,mechanical,O,
NaN,skimmers,O,
NaN,and,O,
NaN,several,O,
NaN,thousand,O,
NaN,feet,O,
NaN,of,O,
NaN,boom,O,
NaN,,,O,
NaN,in,O,
NaN,case,O,
NaN,any,O,
NaN,of,O,
NaN,the,O,
NaN,material,O,
NaN,rose,O,
NaN,to,O,
NaN,the,O,
NaN,surface,O,
NaN,.,O,
Sentence 12,Any,O,
NaN,of,O,
NaN,the,O,
NaN,liquid,O,
NaN,that,O,
NaN,is,O,
NaN,n't,O,
NaN,recovered,O,
NaN,or,O,
NaN,does,O,
NaN,not,O,
NaN,wash,O,
NaN,onto,O,
NaN,shoreline,O,
NaN,ice,O,
NaN,is,O,
NaN,likely,O,
NaN,to,O,
NaN,break,O,
NaN,up,O,
NaN,within,O,
NaN,a,O,
NaN,few,O,
NaN,days,O,
NaN,,,O,
NaN,Wellman,O,
NaN,said,O,
NaN,.,O,
Sentence 13,The,O,
NaN,leaked,O,
NaN,coolant,O,
NaN,is,O,
NaN,known,O,
NaN,to,O,
NaN,be,O,
NaN,highly,O,
NaN,toxic,O,
NaN,to,O,
NaN,at,O,
NaN,least,O,
NaN,one,O,
NaN,type,O,
NaN,of,O,
NaN,aquatic,O,
NaN,insect,O,
NaN,in,O,
NaN,the,O,
NaN,Great,O,
NaN,Lakes,O,
NaN,but,O,
NaN,is,O,
NaN,considered,O,
NaN,less,O,
NaN,of,O,
NaN,a,O,
NaN,threat,O,
NaN,to,O,
NaN,fish,O,
NaN,,,O,
NaN,Haas,O,
NaN,said,O,
NaN,.,O,
Sentence 14,\‚ÄùThat,O,
NaN,'s,O,
NaN,encouraging,O,
NaN,,,O,
NaN,but,O,
NaN,it,O,
NaN,does,O,
NaN,n't,O,
NaN,mean,O,
NaN,we,O,
NaN,are,O,
NaN,n't,O,
NaN,taking,O,
NaN,this,O,
NaN,very,O,
NaN,seriously,\,O,
Sentence 15,‚Äù,O,
NaN,he,O,
NaN,said,O,
NaN,.,O,
Sentence 16,\‚ÄùThis,O,
NaN,is,O,
NaN,obviously,O,
NaN,something,O,
NaN,we,O,
NaN,do,O,
NaN,n't,O,
NaN,want,O,
NaN,in,O,
NaN,these,O,
NaN,public,O,
NaN,trust,O,
NaN,waters.\,O,
NaN,‚Äú,O,
NaN,Pewaukee,O,
NaN,,,O,
NaN,Wis.-based,O,
NaN,American,O,
NaN,Transmission,O,
NaN,Co.,O,
NaN,owns,O,
NaN,and,O,
NaN,operates,O,
NaN,most,O,
NaN,of,O,
NaN,the,O,
NaN,electric,O,
NaN,transmission,O,
NaN,grid,O,
NaN,in,O,
NaN,Michigan,O,
NaN,'s,O,
NaN,Upper,O,
NaN,Peninsula,O,
NaN,as,O,
NaN,well,O,
NaN,as,O,
NaN,parts,O,
NaN,of,O,
NaN,Wisconsin,O,
NaN,,,O,
NaN,Minnesota,O,
NaN,and,O,
NaN,Illinois,O,
NaN,.,O,
Sentence 17,One,O,
NaN,of,O,
NaN,the,O,
NaN,Straits,O,
NaN,of,O,
NaN,Mackinac,O,
NaN,cables,O,
NaN,was,O,
NaN,installed,O,
NaN,in,O,
NaN,1975,O,
NaN,and,O,
NaN,the,O,
NaN,other,O,
NaN,in,O,
NaN,the,O,
NaN,1990s,O,
NaN,,,O,
NaN,Olson,O,
NaN,said,O,
NaN,.,O,
Sentence 18,Wintry,O,
NaN,weather,O,
NaN,and,O,
NaN,the,O,
NaN,heavy,O,
NaN,shoreline,O,
NaN,ice,O,
NaN,hampered,O,
NaN,the,O,
NaN,company,O,
NaN,'s,O,
NaN,investigation,O,
NaN,of,O,
NaN,the,O,
NaN,leak,O,
NaN,and,O,
NaN,influenced,O,
NaN,the,O,
NaN,decision,O,
NaN,Tuesday,O,
NaN,to,O,
NaN,shut,O,
NaN,down,O,
NaN,the,O,
NaN,cables,O,
NaN,.,O,
Sentence 19,No,O,
NaN,customers,O,
NaN,lost,O,
NaN,electric,O,
NaN,service,O,
NaN,because,O,
NaN,power,O,
NaN,was,O,
NaN,routed,O,
NaN,from,O,
NaN,other,O,
NaN,sources,O,
NaN,,,O,
NaN,she,O,
NaN,said,O,
NaN,.,O,
Sentence 20,Although,O,
NaN,the,O,
NaN,cables,O,
NaN,were,O,
NaN,damaged,O,
NaN,beyond,O,
NaN,repair,O,
NaN,,,O,
NaN,the,O,
NaN,company,O,
NaN,is,O,
NaN,looking,O,
NaN,into,O,
NaN,restoring,O,
NaN,an,O,
NaN,electrical,O,
NaN,connection,O,
NaN,between,O,
NaN,Michigan,O,
NaN,'s,O,
NaN,Lower,O,
NaN,Peninsula,O,
NaN,and,O,
NaN,Upper,O,
NaN,Peninsula,O,
NaN,.,O,
Sentence 21,\‚ÄúWe,O,
NaN,will,O,
NaN,continue,O,
NaN,to,O,
NaN,investigate,O,
NaN,the,O,
NaN,cause,O,
NaN,of,O,
NaN,the,O,
NaN,incident,O,
NaN,,,O,
NaN,determine,O,
NaN,any,O,
NaN,necessary,O,
NaN,remediation,O,
NaN,efforts,O,
NaN,and,O,
NaN,continue,O,
NaN,communicating,O,
NaN,with,O,
NaN,the,O,
NaN,appropriate,O,
NaN,regulatory,O,
NaN,agencies,\,O,
Sentence 22,‚Äú,O,
NaN,COO,O,
NaN,Mark,O,
NaN,Davis,O,
NaN,said,O,
NaN,.,O,
Sentence 1,LAPEER,O,
NaN,(,O,
NaN,AP,O,
NaN,),O,
NaN,‚Äî,O,
Sentence 2,For,O,
NaN,more,O,
NaN,than,O,
NaN,20,O,
NaN,years,O,
NaN,,,O,
NaN,the,O,
NaN,Michigan,O,
NaN,town,O,
NaN,of,O,
NaN,Lapeer,O,
NaN,sent,O,
NaN,leftover,O,
NaN,sludge,O,
NaN,from,O,
NaN,its,O,
NaN,sewage,O,
NaN,treatment,O,
NaN,plant,O,
NaN,to,O,
NaN,area,O,
NaN,farms,O,
NaN,,,O,
NaN,supplying,O,
NaN,them,O,
NaN,with,O,
NaN,high,O,
NaN,-,O,
NaN,quality,O,
NaN,,,O,
NaN,free,O,
NaN,fertilizer,O,
NaN,while,O,
NaN,avoiding,O,
NaN,the,O,
NaN,expense,O,
NaN,of,O,
NaN,disposal,O,
NaN,elsewhere,O,
NaN,.,O,
Sentence 3,But,O,
NaN,state,O,
NaN,inspectors,O,
NaN,ordered,O,
NaN,a,O,
NaN,halt,O,
NaN,to,O,
NaN,the,O,
NaN,practice,O,
NaN,in,O,
NaN,2017,O,
NaN,after,O,
NaN,learning,O,
NaN,the,O,
NaN,material,O,
NaN,was,O,
NaN,laced,O,
NaN,with,O,
NaN,one,O,
NaN,of,O,
NaN,the,O,
NaN,potentially,O,
NaN,harmful,O,
NaN,chemicals,O,
NaN,known,O,
NaN,collectively,O,
NaN,as,O,
NaN,PFAS,O,
NaN,,,O,
NaN,which,O,
NaN,are,O,
NaN,turning,O,
NaN,up,O,
NaN,in,O,
NaN,drinking,O,
NaN,water,O,
NaN,and,O,
NaN,some,O,
NaN,foods,O,
NaN,across,O,
NaN,the,O,
NaN,U.S.,O,
Sentence 4,Now,O,
NaN,,,O,
NaN,the,O,
NaN,city,O,
NaN,of,O,
NaN,8,800,O,
NaN,expects,O,
NaN,to,O,
NaN,pay,O,
NaN,about,O,
NaN,$,O,
NaN,3,O,
NaN,million,O,
NaN,to,O,
NaN,have,O,
NaN,the,O,
NaN,waste,O,
NaN,treated,O,
NaN,at,O,
NaN,another,O,
NaN,facility,O,
NaN,and,O,
NaN,the,O,
NaN,leftover,O,
NaN,solids,O,
NaN,shipped,O,
NaN,to,O,
NaN,a,O,
NaN,landfill,O,
NaN,.,O,
Sentence 5,Testing,O,
NaN,has,O,
NaN,found,O,
NaN,elevated,O,
NaN,PFAS,O,
NaN,levels,O,
NaN,in,O,
NaN,just,O,
NaN,one,O,
NaN,field,O,
NaN,where,O,
NaN,the,O,
NaN,sludge,O,
NaN,was,O,
NaN,spread,O,
NaN,,,O,
NaN,but,O,
NaN,farmers,O,
NaN,have,O,
NaN,lost,O,
NaN,an,O,
NaN,economical,O,
NaN,fertilizer,O,
NaN,source,O,
NaN,and,O,
NaN,hope,O,
NaN,more,O,
NaN,contamination,O,
NaN,does,O,
NaN,n't,O,
NaN,turn,O,
NaN,up,O,
NaN,.,O,
Sentence 6,\‚ÄùI,O,
Sentence 7,feel,O,
NaN,bad,O,
NaN,for,O,
NaN,them,\,O,
Sentence 8,‚Äú,O,
NaN,said,O,
NaN,Michael,O,
NaN,Wurts,O,
NaN,,,O,
NaN,superintendent,O,
NaN,of,O,
NaN,the,O,
NaN,waste,O,
NaN,treatment,O,
NaN,plant,O,
NaN,,,O,
NaN,who,O,
NaN,ruefully,O,
NaN,recalls,O,
NaN,promoting,O,
NaN,sludge,O,
NaN,as,O,
NaN,an,O,
NaN,agricultural,O,
NaN,soil,O,
NaN,additive,O,
NaN,to,O,
NaN,growers,O,
NaN,in,O,
NaN,the,O,
NaN,community,O,
NaN,.,O,
Sentence 9,\‚ÄúThe,O,
NaN,city,O,
NaN,did,O,
NaN,n't,O,
NaN,do,O,
NaN,anything,O,
NaN,malicious,O,
NaN,.,O,
Sentence 10,We,O,
NaN,had,O,
NaN,no,O,
NaN,clue,O,
NaN,this,O,
NaN,was,O,
NaN,going,O,
NaN,on.\,O,
Sentence 11,‚Äú,O,
NaN,Lapeer,O,
NaN,is,O,
NaN,n't,O,
NaN,alone,O,
NaN,.,O,
Sentence 12,For,O,
NaN,decades,O,
NaN,,,O,
NaN,sewage,O,
NaN,sludge,O,
NaN,from,O,
NaN,thousands,O,
NaN,of,O,
NaN,wastewater,O,
NaN,treatment,O,
NaN,plants,O,
NaN,has,O,
NaN,been,O,
NaN,used,O,
NaN,nationwide,O,
NaN,as,O,
NaN,cropland,O,
NaN,fertilizer,O,
NaN,.,O,
Sentence 13,It,O,
NaN,'s,O,
NaN,also,O,
NaN,applied,O,
NaN,to,O,
NaN,sports,O,
NaN,fields,O,
NaN,,,O,
NaN,golf,O,
NaN,courses,O,
NaN,and,O,
NaN,backyard,O,
NaN,gardens,O,
NaN,.,O,
Sentence 14,About,O,
NaN,half,O,
NaN,of,O,
NaN,the,O,
NaN,7,O,
NaN,million,O,
NaN,tons,O,
NaN,generated,O,
NaN,annually,O,
NaN,in,O,
NaN,the,O,
NaN,U.S.,O,
NaN,is,O,
NaN,applied,O,
NaN,to,O,
NaN,farm,O,
NaN,fields,O,
NaN,and,O,
NaN,other,O,
NaN,lands,O,
NaN,,,O,
NaN,the,O,
NaN,Environmental,O,
NaN,Protection,O,
NaN,Agency,O,
NaN,says,O,
NaN,.,O,
Sentence 15,While,O,
NaN,the,O,
NaN,sludge,O,
NaN,offers,O,
NaN,farmers,O,
NaN,a,O,
NaN,cheap,O,
NaN,source,O,
NaN,of,O,
NaN,fertilizer,O,
NaN,,,O,
NaN,there,O,
NaN,long,O,
NaN,have,O,
NaN,been,O,
NaN,concerns,O,
NaN,about,O,
NaN,contaminants,O,
NaN,in,O,
NaN,the,O,
NaN,material,O,
NaN,‚Äî,O,
NaN,and,O,
Sentence 16,attention,O,
NaN,of,O,
NaN,late,O,
NaN,has,O,
NaN,turned,O,
NaN,to,O,
NaN,perfluoroalkyl,O,
NaN,and,O,
NaN,polyfluoroalkyl,O,
NaN,substances,O,
NaN,,,O,
NaN,or,O,
NaN,PFAS,O,
NaN,.,O,
Sentence 17,The,O,
NaN,city,O,
NaN,of,O,
NaN,Marinette,O,
NaN,,,O,
NaN,Wisconsin,O,
NaN,,,O,
NaN,has,O,
NaN,stopped,O,
NaN,distributing,O,
NaN,sewage,O,
NaN,waste,O,
NaN,,,O,
NaN,also,O,
NaN,called,O,
NaN,",O,
NaN,biosolids,O,
NaN,,,O,
NaN,",O,
NaN,to,O,
NaN,farms,O,
NaN,after,O,
NaN,getting,O,
NaN,high,O,
NaN,PFAS,O,
NaN,readings,O,
NaN,.,O,
Sentence 18,In,O,
NaN,Maine,O,
NaN,,,O,
NaN,a,O,
NaN,dairy,O,
NaN,farm,O,
NaN,was,O,
NaN,forced,O,
NaN,to,O,
NaN,shut,O,
NaN,down,O,
NaN,after,O,
NaN,sludge,O,
NaN,spread,O,
NaN,on,O,
NaN,the,O,
NaN,land,O,
NaN,was,O,
NaN,linked,O,
NaN,to,O,
NaN,high,O,
NaN,levels,O,
NaN,of,O,
NaN,PFAS,O,
NaN,in,O,
NaN,the,O,
NaN,milk,O,
NaN,.,O,
Sentence 19,\‚ÄúIt,O,
NaN,'s,O,
NaN,been,O,
NaN,devastating,O,
NaN,.,O,
Sentence 20,We,O,
NaN,kind,O,
NaN,of,O,
NaN,get,O,
NaN,treated,O,
NaN,like,O,
NaN,we,O,
NaN,are,O,
NaN,criminals,\,O,
Sentence 21,‚Äú,O,
NaN,said,O,
NaN,Stoneridge,O,
NaN,Farm,O,
NaN,'s,O,
NaN,Fred,O,
NaN,Stone,O,
NaN,,,O,
NaN,whose,O,
NaN,blood,O,
NaN,has,O,
NaN,also,O,
NaN,tested,O,
NaN,high,O,
NaN,for,O,
NaN,PFAS,O,
NaN,from,O,
NaN,what,O,
NaN,he,O,
NaN,believes,O,
NaN,was,O,
NaN,drinking,O,
NaN,contaminated,O,
NaN,water,O,
NaN,and,O,
NaN,milk,O,
NaN,over,O,
NaN,the,O,
NaN,years,O,
NaN,.,O,
Sentence 22,The,O,
NaN,concern,O,
NaN,is,O,
NaN,that,O,
NaN,certain,O,
NaN,PFAS,O,
NaN,chemicals,O,
NaN,,,O,
NaN,which,O,
NaN,studies,O,
NaN,have,O,
NaN,associated,O,
NaN,with,O,
NaN,increased,O,
NaN,risk,O,
NaN,of,O,
NaN,cancer,O,
NaN,and,O,
NaN,damage,O,
NaN,to,O,
NaN,organs,O,
NaN,such,O,
NaN,as,O,
NaN,the,O,
NaN,liver,O,
NaN,and,O,
NaN,thyroid,O,
NaN,,,O,
NaN,could,O,
NaN,be,O,
NaN,absorbed,O,
NaN,by,O,
NaN,crops,O,
NaN,grown,O,
NaN,in,O,
NaN,soils,O,
NaN,treated,O,
NaN,with,O,
NaN,polluted,O,
NaN,sludge,O,
NaN,and,O,
NaN,wind,O,
NaN,up,O,
NaN,in,O,
NaN,foods,O,
NaN,.,O,
Sentence 23,The,O,
NaN,Food,O,
NaN,and,O,
NaN,Drug,O,
NaN,Administration,O,
NaN,this,O,
NaN,year,O,
NaN,reported,O,
NaN,finding,O,
NaN,substantial,O,
NaN,levels,O,
NaN,of,O,
NaN,the,O,
NaN,chemicals,O,
NaN,in,O,
NaN,random,O,
NaN,samples,O,
NaN,of,O,
NaN,grocery,O,
NaN,store,O,
NaN,meats,O,
NaN,,,O,
NaN,dairy,O,
NaN,products,O,
NaN,,,O,
NaN,seafood,O,
NaN,and,O,
NaN,even,O,
NaN,off,O,
NaN,-,O,
NaN,the,O,
NaN,-,O,
NaN,shelf,O,
NaN,chocolate,O,
NaN,cake,O,
NaN,,,O,
NaN,although,O,
NaN,the,O,
NaN,study,O,
NaN,did,O,
NaN,not,O,
NaN,mention,O,
NaN,any,O,
NaN,connection,O,
NaN,to,O,
NaN,sewage,O,
NaN,waste,O,
NaN,.,O,
Sentence 24,\‚ÄúThe,O,
NaN,FDA,O,
NaN,continues,O,
NaN,to,O,
NaN,work,O,
NaN,with,O,
NaN,other,O,
NaN,federal,O,
NaN,agencies,O,
NaN,to,O,
NaN,identify,O,
NaN,sources,O,
NaN,and,O,
NaN,reduce,O,
NaN,or,O,
NaN,eliminate,O,
NaN,pathways,O,
NaN,for,O,
NaN,dietary,O,
NaN,PFAS,O,
NaN,exposure,O,
NaN,including,O,
NaN,through,O,
NaN,use,O,
NaN,of,O,
NaN,biosolids,\,O,
NaN,‚Äú,O,
NaN,spokeswoman,O,
NaN,Lindsay,O,
NaN,Haake,O,
NaN,said,O,
NaN,.,O,
Sentence 25,The,O,
NaN,extent,O,
NaN,of,O,
NaN,any,O,
NaN,threat,O,
NaN,to,O,
NaN,the,O,
NaN,food,O,
NaN,supply,O,
NaN,is,O,
NaN,unknown,O,
NaN,because,O,
NaN,so,O,
NaN,little,O,
NaN,testing,O,
NaN,has,O,
NaN,been,O,
NaN,done,O,
NaN,,,O,
NaN,scientists,O,
NaN,say,O,
NaN,.,O,
Sentence 26,\‚ÄúWe,O,
NaN,do,O,
NaN,n't,O,
NaN,have,O,
NaN,a,O,
NaN,lot,O,
NaN,of,O,
NaN,data,O,
NaN,but,O,
NaN,the,O,
NaN,data,O,
NaN,we,O,
NaN,have,O,
NaN,suggests,O,
NaN,it,O,
NaN,'s,O,
NaN,a,O,
NaN,problem,\,O,
NaN,‚Äú,O,
Sentence 27,Linda,O,
NaN,Birnbaum,O,
NaN,,,O,
NaN,director,O,
NaN,of,O,
NaN,the,O,
NaN,National,O,
NaN,Institute,O,
NaN,of,O,
NaN,Environmental,O,
NaN,Health,O,
NaN,Sciences,O,
NaN,,,O,
NaN,said,O,
NaN,at,O,
NaN,a,O,
NaN,recent,O,
NaN,conference,O,
NaN,in,O,
NaN,Boston,O,
NaN,.,O,
Sentence 28,\‚ÄúWe,O,
NaN,are,O,
NaN,finding,O,
NaN,that,O,
NaN,there,O,
NaN,are,O,
NaN,elevated,O,
NaN,levels,O,
NaN,of,O,
NaN,different,O,
NaN,PFAS,O,
NaN,in,O,
NaN,biosolids,O,
NaN,.,O,
Sentence 29,We,O,
NaN,clearly,O,
NaN,need,O,
NaN,more,O,
NaN,research,O,
NaN,in,O,
NaN,this,O,
NaN,area.\,O,
NaN,‚Äú,O,
NaN,Studies,O,
NaN,have,O,
NaN,documented,O,
NaN,PFAS,O,
NaN,absorption,O,
NaN,by,O,
NaN,some,O,
NaN,crops,O,
NaN,‚Äî,O,
NaN,lettuce,O,
NaN,,,O,
NaN,tomatoes,O,
NaN,and,O,
NaN,radishes,O,
NaN,among,O,
NaN,them,O,
NaN,‚Äî,O,
NaN,from,O,
NaN,soils,O,
NaN,fertilized,O,
NaN,with,O,
NaN,sewage,O,
NaN,byproducts,O,
NaN,.,O,
Sentence 30,And,O,
NaN,the,O,
NaN,EPA,O,
NaN,'s,O,
NaN,inspector,O,
NaN,general,O,
NaN,reported,O,
NaN,last,O,
NaN,year,O,
NaN,that,O,
NaN,the,O,
NaN,agency,O,
NaN,was,O,
NaN,falling,O,
NaN,short,O,
NaN,in,O,
NaN,tracking,O,
NaN,hundreds,O,
NaN,of,O,
NaN,pollutants,O,
NaN,in,O,
NaN,sludge,O,
NaN,,,O,
NaN,including,O,
NaN,PFAS,O,
NaN,.,O,
Sentence 31,Yet,O,
NaN,despite,O,
NaN,growing,O,
NaN,evidence,O,
NaN,that,O,
NaN,at,O,
NaN,least,O,
NaN,some,O,
NaN,sludge,O,
NaN,is,O,
NaN,contaminated,O,
NaN,,,O,
NaN,the,O,
NaN,federal,O,
NaN,government,O,
NaN,has,O,
NaN,n't,O,
NaN,limited,O,
NaN,PFAS,O,
NaN,in,O,
NaN,fertilizer,O,
NaN,or,O,
NaN,developed,O,
NaN,a,O,
NaN,standard,O,
NaN,for,O,
NaN,determining,O,
NaN,safe,O,
NaN,levels,O,
NaN,.,O,
Sentence 32,That,O,
NaN,leaves,O,
NaN,fertilizer,O,
NaN,companies,O,
NaN,and,O,
NaN,farmers,O,
NaN,wondering,O,
NaN,what,O,
NaN,to,O,
NaN,do,O,
NaN,and,O,
NaN,fearful,O,
NaN,of,O,
NaN,consumer,O,
NaN,backlash,O,
NaN,.,O,
Sentence 33,\‚ÄúIf,O,
Sentence 34,you,O,
NaN,want,O,
NaN,to,O,
NaN,destroy,O,
NaN,agriculture,O,
NaN,in,O,
NaN,Michigan,O,
NaN,,,O,
Sentence 35,start,O,
NaN,talking,O,
NaN,about,O,
NaN,,,O,
NaN,',O,
NaN,Hey,O,
NaN,,,O,
NaN,it,O,
NaN,could,O,
NaN,be,O,
NaN,contaminated,O,
NaN,with,O,
NaN,PFAS,\,O,
Sentence 36,‚Äú,O,
NaN,said,O,
NaN,Laura,O,
NaN,Campbell,O,
NaN,,,O,
NaN,agricultural,O,
NaN,ecology,O,
NaN,manager,O,
NaN,for,O,
NaN,the,O,
NaN,Michigan,O,
NaN,Farm,O,
NaN,Bureau,O,
NaN,.,O,
Sentence 37,\‚ÄúPeople,O,
NaN,will,O,
NaN,see,O,
NaN,that,O,
NaN,and,O,
NaN,say,O,
NaN,,,O,
NaN,',O,
NaN,Oh,O,
NaN,,,O,
NaN,we,O,
NaN,ca,O,
NaN,n't,O,
NaN,trust,O,
NaN,them,O,
NaN,,,O,
NaN,we,O,
NaN,'ll,O,
NaN,buy,O,
NaN,from,O,
NaN,elsewhere,O,
NaN,,,O,
NaN,',O,
NaN,even,O,
NaN,though,O,
NaN,the,O,
NaN,problem,O,
NaN,is,O,
NaN,no,O,
NaN,worse,O,
NaN,in,O,
NaN,Michigan,O,
NaN,than,O,
NaN,it,O,
NaN,is,O,
NaN,anywhere,O,
NaN,else.\,O,
NaN,‚Äú,O,
NaN,Studies,O,
NaN,going,O,
NaN,back,O,
NaN,almost,O,
NaN,two,O,
NaN,decades,O,
NaN,found,O,
NaN,PFAS,O,
NaN,in,O,
NaN,sludge,O,
NaN,,,O,
NaN,primarily,O,
NaN,from,O,
NaN,industrial,O,
NaN,wastewater,O,
NaN,that,O,
NaN,flows,O,
NaN,to,O,
NaN,municipal,O,
NaN,treatment,O,
NaN,facilities,O,
NaN,.,O,
Sentence 38,Residential,O,
NaN,sewage,O,
NaN,is,O,
NaN,another,O,
NaN,source,O,
NaN,‚Äî,O,
NaN,from,O,
NaN,carpets,O,
NaN,,,O,
NaN,clothes,O,
NaN,and,O,
NaN,other,O,
NaN,household,O,
NaN,items,O,
NaN,containing,O,
NaN,PFAS,O,
NaN,.,O,
Sentence 39,The,O,
NaN,grease-,O,
NaN,and,O,
NaN,water,O,
NaN,-,O,
NaN,resistant,O,
NaN,compounds,O,
NaN,,,O,
NaN,known,O,
NaN,as,O,
NaN,\‚Äúforever,O,
NaN,chemicals\,O,
Sentence 40,‚Äú,O,
NaN,because,O,
NaN,they,O,
NaN,do,O,
NaN,n't,O,
NaN,degrade,O,
NaN,naturally,O,
NaN,and,O,
NaN,are,O,
NaN,believed,O,
NaN,capable,O,
NaN,of,O,
NaN,lingering,O,
NaN,indefinitely,O,
NaN,in,O,
NaN,the,O,
NaN,environment,O,
NaN,,,O,
NaN,also,O,
NaN,are,O,
NaN,found,O,
NaN,in,O,
NaN,firefighting,O,
NaN,foam,O,
NaN,used,O,
NaN,at,O,
NaN,military,O,
NaN,bases,O,
NaN,and,O,
NaN,airports,O,
NaN,.,O,
Sentence 41,Evidence,O,
NaN,of,O,
NaN,a,O,
NaN,link,O,
NaN,between,O,
NaN,PFAS,O,
NaN,-,O,
NaN,laced,O,
NaN,sludge,O,
NaN,and,O,
NaN,food,O,
NaN,emerged,O,
NaN,in,O,
NaN,2008,O,
NaN,,,O,
NaN,when,O,
NaN,the,O,
NaN,EPA,O,
NaN,found,O,
NaN,elevated,O,
NaN,levels,O,
NaN,of,O,
NaN,several,O,
NaN,compounds,O,
NaN,in,O,
NaN,sludge,O,
NaN,that,O,
NaN,a,O,
NaN,Decatur,O,
NaN,,,O,
NaN,Alabama,O,
NaN,utility,O,
NaN,had,O,
NaN,spread,O,
NaN,on,O,
NaN,5,000,O,
NaN,acres,O,
NaN,of,O,
NaN,farmland,O,
NaN,.,O,
Sentence 42,They,O,
NaN,were,O,
NaN,detected,O,
NaN,in,O,
NaN,nearby,O,
NaN,waters,O,
NaN,and,O,
NaN,vegetation,O,
NaN,from,O,
NaN,the,O,
NaN,fields,O,
NaN,.,O,
Sentence 43,The,O,
NaN,chemicals,O,
NaN,were,O,
NaN,traced,O,
NaN,to,O,
NaN,several,O,
NaN,companies,O,
NaN,that,O,
NaN,manufactured,O,
NaN,and,O,
NaN,used,O,
NaN,PFAS,O,
NaN,.,O,
Sentence 44,\‚ÄúI'm,O,
NaN,very,O,
NaN,concerned,O,
NaN,about,O,
NaN,replicating,O,
NaN,that,O,
NaN,in,O,
NaN,other,O,
NaN,states,\,O,
NaN,‚Äú,O,
NaN,EPA,O,
NaN,'s,O,
NaN,Andrew,O,
NaN,Lindstrom,O,
NaN,,,O,
NaN,whose,O,
NaN,lab,O,
NaN,ran,O,
NaN,tests,O,
NaN,there,O,
NaN,,,O,
NaN,said,O,
NaN,at,O,
NaN,the,O,
NaN,Boston,O,
NaN,conference,O,
NaN,.,O,
Sentence 45,Milk,O,
NaN,from,O,
NaN,one,O,
NaN,dairy,O,
NaN,contained,O,
NaN,270,O,
NaN,parts,O,
NaN,per,O,
NaN,trillion,O,
NaN,of,O,
NaN,PFAS,O,
NaN,‚Äî,O,
NaN,almost,O,
NaN,four,O,
NaN,times,O,
NaN,the,O,
NaN,agency,O,
NaN,'s,O,
NaN,nonbinding,O,
NaN,health,O,
NaN,risk,O,
NaN,level,O,
NaN,of,O,
NaN,70,O,
NaN,ppt,O,
NaN,for,O,
NaN,PFOA,O,
NaN,and,O,
NaN,PFOS,O,
NaN,,,O,
NaN,the,O,
NaN,two,O,
NaN,best-,O,
NaN,known,O,
NaN,chemicals,O,
NaN,in,O,
NaN,the,O,
NaN,class,O,
NaN,.,O,
Sentence 46,An,O,
NaN,EPA,O,
NaN,\‚Äúaction,O,
NaN,plan\,O,
NaN,‚Äú,O,
NaN,in,O,
NaN,February,O,
NaN,acknowledged,O,
NaN,\‚Äúinformation,O,
NaN,gaps\,O,
Sentence 47,‚Äú,O,
NaN,about,O,
NaN,tainted,O,
NaN,sludge,O,
NaN,.,O,
Sentence 48,It,O,
NaN,said,O,
NaN,the,O,
NaN,agency,O,
NaN,was,O,
NaN,developing,O,
NaN,better,O,
NaN,detection,O,
NaN,methods,O,
NaN,and,O,
NaN,assessing,O,
NaN,risks,O,
NaN,posed,O,
NaN,by,O,
NaN,PFOA,O,
NaN,and,O,
NaN,PFOS,O,
NaN,,,O,
NaN,which,O,
NaN,no,O,
NaN,longer,O,
NaN,are,O,
NaN,manufactured,O,
NaN,in,O,
NaN,the,O,
NaN,U.S.,O,
NaN,but,O,
NaN,remain,O,
NaN,widespread,O,
NaN,in,O,
NaN,the,O,
NaN,environment,O,
NaN,.,O,
Sentence 49,\‚ÄúWe,O,
NaN,are,O,
NaN,studying,O,
NaN,the,O,
NaN,potential,O,
NaN,pathways,O,
NaN,by,O,
NaN,which,O,
NaN,PFAS,O,
NaN,are,O,
NaN,getting,O,
NaN,into,O,
NaN,biosolids,O,
NaN,and,O,
NaN,we,O,
NaN,are,O,
NaN,researching,O,
NaN,alternative,O,
NaN,methods,O,
NaN,for,O,
NaN,removing,O,
NaN,or,O,
NaN,destroying,O,
NaN,PFAS,O,
NaN,in,O,
NaN,biosolids,O,
NaN,if,O,
NaN,analysis,O,
NaN,indicates,O,
NaN,that,O,
NaN,detected,O,
NaN,levels,O,
NaN,are,O,
NaN,of,O,
NaN,risk,O,
NaN,and,O,
NaN,need,O,
NaN,reduction,\,O,
Sentence 50,‚Äú,O,
NaN,the,O,
NaN,agency,O,
NaN,told,O,
NaN,The,O,
NaN,Associated,O,
NaN,Press,O,
NaN,in,O,
NaN,a,O,
NaN,statement,O,
NaN,.,O,
Sentence 51,Advocacy,O,
NaN,groups,O,
NaN,say,O,
NaN,EPA,O,
NaN,also,O,
NaN,should,O,
NaN,look,O,
NaN,at,O,
NaN,chemicals,O,
NaN,developed,O,
NaN,as,O,
NaN,replacements,O,
NaN,for,O,
NaN,PFOA,O,
NaN,and,O,
NaN,PFOS,O,
NaN,,,O,
NaN,which,O,
NaN,studies,O,
NaN,found,O,
NaN,accumulate,O,
NaN,in,O,
NaN,edible,O,
NaN,parts,O,
NaN,of,O,
NaN,plants,O,
NaN,.,O,
Sentence 52,\‚ÄúAt,O,
NaN,least,O,
NaN,EPA,O,
NaN,should,O,
NaN,require,O,
NaN,that,O,
NaN,sludge,O,
NaN,be,O,
NaN,tested,O,
NaN,for,O,
NaN,PFAS,O,
NaN,before,O,
NaN,being,O,
NaN,applied,O,
NaN,to,O,
NaN,farm,O,
NaN,fields,\,O,
NaN,‚Äú,O,
NaN,said,O,
NaN,Colin,O,
NaN,O'Neil,O,
NaN,,,O,
NaN,legislative,O,
NaN,director,O,
NaN,with,O,
NaN,the,O,
NaN,Environmental,O,
NaN,Working,O,
NaN,Group,O,
NaN,.,O,
Sentence 53,Its,O,
NaN,inspector,O,
NaN,general,O,
NaN,reported,O,
NaN,last,O,
NaN,year,O,
NaN,that,O,
NaN,the,O,
NaN,EPA,O,
NaN,had,O,
NaN,identified,O,
NaN,352,O,
NaN,pollutants,O,
NaN,,,O,
NaN,including,O,
NaN,PFAS,O,
NaN,,,O,
NaN,in,O,
NaN,biosolids,O,
NaN,.,O,
Sentence 54,But,O,
NaN,the,O,
NaN,report,O,
NaN,concluded,O,
NaN,the,O,
NaN,agency,O,
NaN,had,O,
NaN,too,O,
NaN,little,O,
NaN,data,O,
NaN,and,O,
NaN,other,O,
NaN,tools,O,
NaN,to,O,
NaN,assess,O,
NaN,their,O,
NaN,safety,O,
NaN,.,O,
Sentence 55,Regulations,O,
NaN,require,O,
NaN,testing,O,
NaN,for,O,
NaN,only,O,
NaN,nine,O,
NaN,pollutants,O,
NaN,in,O,
NaN,sludge,O,
NaN,,,O,
NaN,all,O,
NaN,heavy,O,
NaN,metals,O,
NaN,.,O,
Sentence 56,Several,O,
NaN,states,O,
NaN,are,O,
NaN,examining,O,
NaN,sewage,O,
NaN,sludge,O,
NaN,for,O,
NaN,PFAS,O,
NaN,contamination,O,
NaN,and,O,
NaN,assessing,O,
NaN,potential,O,
NaN,dangers,O,
NaN,.,O,
Sentence 57,Maine,O,
NaN,has,O,
NaN,enacted,O,
NaN,a,O,
NaN,nonbinding,O,
NaN,advisory,O,
NaN,level,O,
NaN,for,O,
NaN,PFAS,O,
NaN,in,O,
NaN,sludge,O,
NaN,and,O,
NaN,New,O,
NaN,Hampshire,O,
NaN,is,O,
NaN,working,O,
NaN,with,O,
NaN,the,O,
NaN,U.S.,O,
NaN,Geological,O,
NaN,Survey,O,
NaN,on,O,
NaN,a,O,
NaN,soil,O,
NaN,study,O,
NaN,whose,O,
NaN,results,O,
NaN,will,O,
NaN,help,O,
NaN,them,O,
NaN,set,O,
NaN,a,O,
NaN,standard,O,
NaN,.,O,
Sentence 58,Maine,O,
NaN,also,O,
NaN,found,O,
NaN,most,O,
NaN,biosolids,O,
NaN,from,O,
NaN,more,O,
NaN,than,O,
NaN,30,O,
NaN,wastewater,O,
NaN,treatment,O,
NaN,plants,O,
NaN,were,O,
NaN,above,O,
NaN,the,O,
NaN,state,O,
NaN,'s,O,
NaN,advisory,O,
NaN,level,O,
NaN,while,O,
NaN,neighboring,O,
NaN,New,O,
NaN,Hampshire,O,
NaN,detected,O,
NaN,PFAS,O,
NaN,in,O,
NaN,tests,O,
NaN,of,O,
NaN,sludge,O,
NaN,from,O,
NaN,two,O,
NaN,dozen,O,
NaN,permit,O,
NaN,holders,O,
NaN,.,O,
Sentence 59,Neither,O,
NaN,state,O,
NaN,found,O,
NaN,traceable,O,
NaN,levels,O,
NaN,of,O,
NaN,PFAS,O,
NaN,in,O,
NaN,the,O,
NaN,milk,O,
NaN,tested,O,
NaN,.,O,
Sentence 60,Based,O,
NaN,on,O,
NaN,sludge,O,
NaN,tests,O,
NaN,at,O,
NaN,41,O,
NaN,plants,O,
NaN,,,O,
NaN,Michigan,O,
NaN,ordered,O,
NaN,several,O,
NaN,to,O,
NaN,stop,O,
NaN,distributing,O,
NaN,it,O,
NaN,to,O,
NaN,farms,O,
NaN,.,O,
Sentence 61,After,O,
NaN,the,O,
NaN,state,O,
NaN,'s,O,
NaN,environmental,O,
NaN,department,O,
NaN,ordered,O,
NaN,some,O,
NaN,plants,O,
NaN,to,O,
NaN,trace,O,
NaN,PFAS,O,
NaN,sent,O,
NaN,to,O,
NaN,them,O,
NaN,,,O,
NaN,several,O,
NaN,installed,O,
NaN,treatment,O,
NaN,systems,O,
NaN,that,O,
NaN,sharply,O,
NaN,reduced,O,
NaN,their,O,
NaN,pollution,O,
NaN,output,O,
NaN,,,O,
NaN,spokesman,O,
NaN,Scott,O,
NaN,Dean,O,
NaN,said,O,
NaN,.,O,
Sentence 62,Among,O,
NaN,them,O,
NaN,was,O,
NaN,Lapeer,O,
NaN,Plating,O,
NaN,&,O,
NaN,Plastics,O,
NaN,,,O,
NaN,the,O,
NaN,automotive,O,
NaN,chrome,O,
NaN,manufacturer,O,
NaN,that,O,
NaN,caused,O,
NaN,the,O,
NaN,Lapeer,O,
NaN,contamination,O,
NaN,.,O,
Sentence 63,But,O,
NaN,City,O,
NaN,Manager,O,
NaN,Dale,O,
NaN,Kerbyson,O,
NaN,said,O,
NaN,the,O,
NaN,company,O,
NaN,has,O,
NaN,reneged,O,
NaN,on,O,
NaN,a,O,
NaN,promise,O,
NaN,to,O,
NaN,help,O,
NaN,cover,O,
NaN,Lapeer,O,
NaN,'s,O,
NaN,costs,O,
NaN,of,O,
NaN,dealing,O,
NaN,with,O,
NaN,the,O,
NaN,pollution,O,
NaN,and,O,
NaN,a,O,
NaN,lawsuit,O,
NaN,may,O,
NaN,be,O,
NaN,coming,O,
NaN,.,O,
Sentence 64,\‚ÄúI,O,
NaN,do,O,
NaN,n't,O,
NaN,think,O,
NaN,the,O,
NaN,citizens,O,
NaN,of,O,
NaN,our,O,
NaN,city,O,
NaN,should,O,
NaN,have,O,
NaN,to,O,
NaN,pay,O,
NaN,for,O,
NaN,this,\,O,
NaN,‚Äú,O,
NaN,Kerbyson,O,
NaN,said,O,
NaN,.,O,
Sentence 65,Lapeer,O,
NaN,Plating,O,
NaN,&,O,
NaN,Plastics,O,
NaN,did,O,
NaN,not,O,
NaN,respond,O,
NaN,to,O,
NaN,email,O,
NaN,and,O,
NaN,phone,O,
NaN,messages,O,
NaN,seeking,O,
NaN,comment,O,
NaN,.,O,
Sentence 66,Although,O,
NaN,they,O,
NaN,complain,O,
NaN,about,O,
NaN,a,O,
NaN,lack,O,
NaN,of,O,
NaN,government,O,
NaN,standards,O,
NaN,,,O,
NaN,some,O,
NaN,cities,O,
NaN,and,O,
NaN,towns,O,
NaN,fear,O,
NaN,strict,O,
NaN,rules,O,
NaN,that,O,
NaN,could,O,
NaN,force,O,
NaN,costly,O,
NaN,infrastructure,O,
NaN,upgrades,O,
NaN,or,O,
NaN,sending,O,
NaN,sludge,O,
NaN,to,O,
NaN,out,O,
NaN,-,O,
NaN,of,O,
NaN,-,O,
NaN,state,O,
NaN,landfills,O,
NaN,.,O,
Sentence 67,And,O,
NaN,companies,O,
NaN,worry,O,
NaN,they,O,
NaN,will,O,
NaN,be,O,
NaN,put,O,
NaN,out,O,
NaN,of,O,
NaN,business,O,
NaN,.,O,
Sentence 68,",O,
NaN,This,O,
NaN,is,O,
NaN,the,O,
NaN,biggest,O,
NaN,issue,O,
NaN,that,O,
NaN,has,O,
NaN,hit,O,
NaN,the,O,
NaN,biosolids,O,
NaN,recycling,O,
NaN,profession,O,
NaN,in,O,
NaN,North,O,
NaN,America,O,
NaN,ever,O,
NaN,,,O,
NaN,because,O,
NaN,of,O,
NaN,regulatory,O,
NaN,overreaction,O,
NaN,,,O,
NaN,",O,
NaN,said,O,
NaN,Ned,O,
NaN,Beecher,O,
NaN,,,O,
NaN,executive,O,
NaN,director,O,
NaN,of,O,
NaN,the,O,
NaN,North,O,
NaN,East,O,
NaN,Biosolids,O,
NaN,and,O,
NaN,Residuals,O,
NaN,Association,O,
NaN,.,O,
Sentence 69,Companies,O,
NaN,that,O,
NaN,manufacture,O,
NaN,compost,O,
NaN,‚Äî,O,
NaN,some,O,
NaN,from,O,
NaN,sewage,O,
NaN,sludge,O,
NaN,‚Äî,O,
NaN,contend,O,
NaN,tough,O,
NaN,standards,O,
NaN,are,O,
NaN,premature,O,
NaN,until,O,
NaN,scientists,O,
NaN,determine,O,
NaN,acceptable,O,
NaN,PFAS,O,
NaN,levels,O,
NaN,.,O,
Sentence 70,\‚ÄúWe,O,
NaN,do,O,
NaN,n't,O,
NaN,want,O,
NaN,people,O,
NaN,jumping,O,
NaN,to,O,
NaN,conclusions,\,O,
Sentence 71,‚Äú,O,
NaN,said,O,
NaN,Frank,O,
NaN,Franciosi,O,
NaN,,,O,
NaN,executive,O,
NaN,director,O,
NaN,of,O,
NaN,the,O,
NaN,U.S.,O,
NaN,Composting,O,
NaN,Council,O,
NaN,.,O,
Sentence 72,If,O,
NaN,EPA,O,
NaN,cracks,O,
NaN,down,O,
NaN,on,O,
NaN,anyone,O,
NaN,,,O,
NaN,he,O,
NaN,said,O,
NaN,,,O,
NaN,it,O,
NaN,should,O,
NaN,be,O,
NaN,those,O,
NaN,who,O,
NaN,manufacture,O,
NaN,and,O,
NaN,use,O,
NaN,PFAS,O,
NaN,chemicals,O,
NaN,that,O,
NaN,enter,O,
NaN,the,O,
NaN,waste,O,
NaN,stream,O,
NaN,.,O,
Sentence 1,A,O,
NaN,Department,O,
NaN,of,O,
NaN,Public,O,
NaN,Works,O,
NaN,crews,O,
NaN,equipment,O,
NaN,may,O,
NaN,be,O,
NaN,the,O,
NaN,source,O,
NaN,of,O,
NaN,an,O,
NaN,oily,O,
NaN,sheen,O,
NaN,found,O,
NaN,in,O,
NaN,the,O,
NaN,Plumbrook,O,
NaN,Drain,O,
NaN,Jan.,O,
NaN,17,O,
NaN,.,O,
Sentence 2,Macomb,O,
NaN,County,O,
NaN,workers,O,
NaN,took,O,
NaN,action,O,
NaN,that,O,
NaN,day,O,
NaN,after,O,
NaN,receiving,O,
NaN,a,O,
NaN,tip,O,
NaN,about,O,
NaN,oil,O,
NaN,spilling,O,
NaN,into,O,
NaN,the,O,
NaN,Plumbrook,O,
NaN,Drain,O,
NaN,,,O,
NaN,near,O,
NaN,19,O,
NaN,Mile,O,
NaN,Road,O,
NaN,,,O,
NaN,west,O,
NaN,of,O,
NaN,Ryan,O,
NaN,Road,O,
NaN,.,O,
Sentence 3,Crews,O,
NaN,from,O,
NaN,the,O,
NaN,Macomb,O,
NaN,County,O,
NaN,Public,O,
NaN,Works,O,
NaN,Office,O,
NaN,reportedly,O,
NaN,spent,O,
NaN,the,O,
NaN,day,O,
NaN,taking,O,
NaN,steps,O,
NaN,to,O,
NaN,\‚Äúcontain,O,
Sentence 4,and,O,
NaN,absorb\,O,
NaN,‚Äù,O,
Sentence 5,the,O,
NaN,substance,O,
NaN,by,O,
NaN,setting,O,
NaN,up,O,
NaN,booms,O,
NaN,,,O,
NaN,or,O,
NaN,floating,O,
NaN,barriers,O,
NaN,.,O,
Sentence 6,They,O,
NaN,reportedly,O,
NaN,searched,O,
NaN,the,O,
NaN,area,O,
NaN,to,O,
NaN,find,O,
NaN,where,O,
NaN,the,O,
NaN,suspected,O,
NaN,oil,O,
NaN,had,O,
NaN,come,O,
NaN,from,O,
NaN,.,O,
Sentence 7,A,O,
NaN,photo,O,
NaN,produced,O,
NaN,by,O,
NaN,the,O,
NaN,county,O,
NaN,shows,O,
NaN,a,O,
NaN,rainbow,O,
NaN,-,O,
NaN,streaked,O,
NaN,sheen,O,
NaN,upon,O,
NaN,the,O,
NaN,drain,O,
NaN,‚Äôs,O,
NaN,water,O,
NaN,.,O,
Sentence 8,In,O,
NaN,a,O,
NaN,statement,O,
NaN,,,O,
NaN,Public,O,
NaN,Works,O,
NaN,Commissioner,O,
NaN,Candice,O,
NaN,Miller,O,
NaN,encouraged,O,
NaN,people,O,
NaN,to,O,
NaN,be,O,
NaN,\‚Äúour,O,
NaN,eyes,O,
NaN,and,O,
NaN,ears\,O,
NaN,‚Äù,O,
NaN,to,O,
NaN,rapidly,O,
NaN,combat,O,
NaN,pollution,O,
NaN,.,O,
Sentence 9,\‚ÄúProtecting,O,
NaN,our,O,
NaN,waterways,O,
NaN,is,O,
NaN,our,O,
NaN,No,O,
NaN,.,O,
NaN,1,O,
NaN,priority,O,
NaN,.,O,
Sentence 10,It,O,
NaN,is,O,
NaN,critical,O,
NaN,that,O,
NaN,we,O,
NaN,respond,O,
NaN,quickly,O,
NaN,so,O,
NaN,we,O,
NaN,are,O,
NaN,able,O,
NaN,to,O,
NaN,prevent,O,
NaN,pollutants,O,
NaN,from,O,
NaN,making,O,
NaN,their,O,
NaN,way,O,
NaN,into,O,
NaN,Lake,O,
NaN,St.,O,
NaN,Clair,\,O,
NaN,‚Äù,O,
NaN,she,O,
NaN,said,O,
NaN,.,O,
Sentence 11,The,O,
NaN,news,O,
NaN,of,O,
NaN,the,O,
NaN,incident,O,
NaN,did,O,
NaN,not,O,
NaN,reach,O,
NaN,some,O,
NaN,Sterling,O,
NaN,Heights,O,
NaN,officials,O,
NaN,right,O,
NaN,away,O,
NaN,.,O,
Sentence 12,At,O,
NaN,around,O,
NaN,4,O,
NaN,p.m.,O,
NaN,that,O,
NaN,afternoon,O,
NaN,,,O,
NaN,Sterling,O,
NaN,Heights,O,
NaN,Fire,O,
NaN,Chief,O,
NaN,Chris,O,
NaN,Martin,O,
NaN,said,O,
NaN,he,O,
NaN,was,O,
NaN,unaware,O,
NaN,of,O,
NaN,the,O,
NaN,spill,O,
NaN,and,O,
NaN,planned,O,
NaN,to,O,
NaN,look,O,
NaN,into,O,
NaN,the,O,
NaN,incident,O,
NaN,.,O,
Sentence 13,The,O,
NaN,city,O,
NaN,‚Äôs,O,
NaN,community,O,
NaN,relations,O,
NaN,director,O,
NaN,,,O,
NaN,Bridget,O,
NaN,Kozlowski,O,
NaN,,,O,
NaN,also,O,
NaN,had,O,
NaN,n‚Äôt,O,
NaN,heard,O,
NaN,about,O,
NaN,the,O,
NaN,incident,O,
NaN,until,O,
NaN,contacted,O,
NaN,by,O,
NaN,the,O,
NaN,Sentry,O,
NaN,.,O,
Sentence 14,Dan,O,
NaN,Heaton,O,
NaN,,,O,
NaN,public,O,
NaN,relations,O,
NaN,manager,O,
NaN,for,O,
NaN,the,O,
NaN,Macomb,O,
NaN,County,O,
NaN,Public,O,
NaN,Works,O,
NaN,Office,O,
NaN,,,O,
NaN,said,O,
NaN,his,O,
NaN,department,O,
NaN,typically,O,
NaN,works,O,
NaN,with,O,
NaN,the,O,
NaN,Fire,O,
NaN,Department,O,
NaN,on,O,
NaN,environmental,O,
NaN,matters,O,
NaN,like,O,
NaN,these,O,
NaN,,,O,
NaN,though,O,
NaN,he,O,
NaN,added,O,
NaN,that,O,
NaN,he,O,
NaN,\‚Äúcan‚Äôt,O,
NaN,speak,O,
NaN,directly,O,
NaN,to,O,
NaN,this,O,
NaN,incident.\,O,
NaN,‚Äù,O,
NaN,City,O,
NaN,officials,O,
NaN,said,O,
NaN,in,O,
NaN,a,O,
NaN,press,O,
NaN,release,O,
NaN,dated,O,
NaN,later,O,
NaN,that,O,
NaN,day,O,
NaN,that,O,
NaN,they,O,
NaN,told,O,
NaN,the,O,
NaN,Macomb,O,
NaN,County,O,
NaN,Public,O,
NaN,Works,O,
NaN,Office,O,
NaN,that,O,
NaN,a,O,
NaN,Sterling,O,
NaN,Heights,O,
NaN,Department,O,
NaN,of,O,
NaN,Public,O,
NaN,Works,O,
NaN,crew,O,
NaN,had,O,
NaN,used,O,
NaN,heavy,O,
NaN,machinery,O,
NaN,in,O,
NaN,the,O,
NaN,area,O,
NaN,,,O,
NaN,which,O,
NaN,might,O,
NaN,have,O,
NaN,affected,O,
NaN,the,O,
NaN,drain,O,
NaN,.,O,
Sentence 15,\‚ÄúThe,O,
NaN,city,O,
NaN,of,O,
NaN,Sterling,O,
NaN,Heights,O,
NaN,is,O,
NaN,investigating,O,
NaN,whether,O,
NaN,the,O,
NaN,heavy,O,
NaN,machinery,O,
NaN,malfunctioned,O,
NaN,causing,O,
NaN,the,O,
NaN,discharge,O,
NaN,of,O,
NaN,hydraulic,O,
NaN,fluid,O,
NaN,and,O,
NaN,is,O,
NaN,fully,O,
NaN,cooperating,O,
NaN,with,O,
NaN,the,O,
NaN,MCPWO,\,O,
NaN,‚Äù,O,
NaN,the,O,
NaN,statement,O,
NaN,reads,O,
NaN,.,O,
