Sentence 1,WASHINGTON,O,,
NaN,(,O,,
NaN,AP,O,,
NaN,),O,,
NaN,-,O,,
Sentence 2,The,O,,
NaN,Trump,O,,
NaN,administration,O,,
NaN,moved,O,,
NaN,Thursday,O,,
NaN,to,O,,
NaN,revoke,O,,
NaN,regulations,O,,
NaN,on,O,,
NaN,methane,B-chem,,
NaN,leaks,O,,
NaN,from,O,,
NaN,oil,B-chem,,
NaN,facilities,O,,
NaN,,,O,
NaN,a,O,,
NaN,proposal,O,,
NaN,environmental,O,,
NaN,advocates,O,,
NaN,said,O,,
NaN,would,O,,
NaN,renounce,O,,
NaN,key,O,,
NaN,federal,O,,
NaN,authority,O,,
NaN,to,O,,
NaN,regulate,O,,
NaN,the,O,,
NaN,climate,O,,
NaN,-,O,,
NaN,damaging,O,,
NaN,gas,O,,
NaN,.,O,,
Sentence 3,The,O,,
NaN,proposed,O,,
NaN,rule,O,,
NaN,follows,O,,
Sentence 4,President,O,,
NaN,Donald,O,,
NaN,Trump,O,,
NaN,’s,O,,
NaN,directions,O,,
NaN,to,O,,
NaN,remove,O,,
NaN,\“unnecessary,O,,
NaN,and,O,,
NaN,duplicative,O,,
NaN,regulatory,O,,
NaN,burdens,O,,
NaN,from,O,,
NaN,the,O,,
NaN,oil,B-chem,,
NaN,and,O,,
NaN,gas,O,,
NaN,industry,\,O,
NaN,”,O,,
NaN,Environmental,O,,
NaN,Protection,O,,
NaN,Agency,O,,
NaN,Administrator,O,,
NaN,Andrew,O,,
NaN,Wheeler,O,,
NaN,said,O,,
NaN,in,O,,
NaN,a,O,,
NaN,statement,O,,
NaN,.,O,,
Sentence 5,Exxon,O,,
NaN,Mobil,O,,
NaN,and,O,,
NaN,some,O,,
NaN,other,O,,
NaN,oil,B-chem,,
NaN,giants,O,,
NaN,\”wary,O,,
NaN,of,O,,
NaN,blowback,O,,
NaN,from,O,,
NaN,growing,O,,
NaN,public,O,,
NaN,concern,O,,
NaN,over,O,,
NaN,global,O,,
NaN,warming\,O,,
NaN,”,O,,
NaN,joined,O,,
NaN,environmental,O,,
NaN,groups,O,,
NaN,in,O,,
NaN,urging,O,,
NaN,the,O,,
NaN,Trump,O,,
NaN,administration,O,,
NaN,to,O,,
NaN,drop,O,,
NaN,the,O,,
NaN,rollback,O,,
NaN,on,O,,
NaN,methane,O,,
NaN,controls,O,,
NaN,,,O,
NaN,although,O,,
NaN,several,O,,
NaN,state,O,,
NaN,-,O,,
NaN,level,O,,
NaN,and,O,,
NaN,national,O,,
NaN,industry,O,,
NaN,groups,O,,
NaN,welcomed,O,,
NaN,the,O,,
NaN,easing,O,,
NaN,.,O,,
Sentence 6,The,O,,
NaN,step,O,,
NaN,would,O,,
NaN,be,O,,
NaN,the,O,,
NaN,latest,O,,
NaN,in,O,,
NaN,a,O,,
NaN,series,O,,
NaN,unwinding,O,,
NaN,the,O,,
NaN,Obama,O,,
NaN,administration,O,,
NaN,’s,O,,
NaN,efforts,O,,
NaN,to,O,,
NaN,cut,O,,
NaN,climate,O,,
NaN,-,O,,
NaN,changing,O,,
NaN,emissions,O,,
NaN,from,O,,
NaN,the,O,,
NaN,oil,O,,
NaN,,,O,
NaN,gas,O,,
NaN,and,O,,
NaN,coal,O,,
NaN,industries,O,,
NaN,,,O,
NaN,including,O,,
NaN,a,O,,
NaN,2016,O,,
NaN,rule,O,,
NaN,regulating,O,,
NaN,oil,O,,
NaN,-,O,,
NaN,industry,O,,
NaN,methane,B-chem,,
NaN,leaks,O,,
NaN,as,O,,
NaN,a,O,,
NaN,pollutant,O,,
NaN,under,O,,
NaN,the,O,,
NaN,federal,O,,
NaN,Clean,O,,
NaN,Air,O,,
NaN,Act,O,,
NaN,.,O,,
Sentence 7,Trump,O,,
NaN,has,O,,
NaN,pushed,O,,
NaN,to,O,,
NaN,open,O,,
NaN,vast,O,,
NaN,expanses,O,,
NaN,of,O,,
NaN,U.S.,O,,
NaN,wilderness,O,,
NaN,and,O,,
NaN,coastline,O,,
NaN,to,O,,
NaN,oil,O,,
NaN,and,O,,
NaN,gas,O,,
NaN,drilling,O,,
NaN,,,O,
NaN,speed,O,,
NaN,construction,O,,
NaN,of,O,,
NaN,petroleum,B-chem,,
NaN,pipelines,O,,
NaN,and,O,,
NaN,ease,O,,
NaN,regulations,O,,
NaN,on,O,,
NaN,the,O,,
NaN,industry,O,,
NaN,,,O,
NaN,dismissing,O,,
NaN,calls,O,,
NaN,from,O,,
NaN,scientists,O,,
NaN,in,O,,
NaN,and,O,,
NaN,out,O,,
NaN,of,O,,
NaN,government,O,,
NaN,for,O,,
NaN,rapid,O,,
NaN,cuts,O,,
NaN,in,O,,
NaN,oil,O,,
NaN,,,O,
NaN,gas,O,,
NaN,and,O,,
NaN,coal,O,,
NaN,emissions,O,,
NaN,to,O,,
NaN,stave,O,,
NaN,off,O,,
NaN,the,O,,
NaN,worst,O,,
NaN,of,O,,
NaN,climate,O,,
NaN,change,O,,
NaN,.,O,,
Sentence 8,Asked,O,,
NaN,about,O,,
NaN,global,O,,
NaN,warming,O,,
NaN,this,O,,
NaN,week,O,,
NaN,,,O,
NaN,Trump,O,,
NaN,only,O,,
NaN,lauded,O,,
NaN,the,O,,
NaN,United,O,,
NaN,States,O,,
NaN,’,O,,
NaN,\“tremendous,O,,
NaN,wealth.\,O,,
NaN,”,O,,
Sentence 9,\″The,O,,
NaN,wealth,O,,
NaN,is,O,,
NaN,under,O,,
NaN,its,O,,
NaN,feet,\,O,
NaN,”,O,,
Sentence 10,he,O,,
NaN,said,O,,
NaN,,,O,
NaN,praising,O,,
NaN,oil,O,,
NaN,and,O,,
NaN,gas,O,,
NaN,production,O,,
NaN,.,O,,
Sentence 11,Methane,O,,
NaN,,,O,
NaN,the,O,,
NaN,main,O,,
NaN,component,O,,
NaN,of,O,,
NaN,natural,O,,
NaN,gas,O,,
NaN,,,O,
NaN,frequently,O,,
NaN,leaks,O,,
NaN,or,O,,
NaN,is,O,,
NaN,intentionally,O,,
NaN,released,O,,
NaN,during,O,,
NaN,drilling,O,,
NaN,operations,O,,
NaN,.,O,,
Sentence 12,It,O,,
NaN,traps,O,,
NaN,far,O,,
NaN,more,O,,
NaN,heat,O,,
NaN,in,O,,
NaN,the,O,,
NaN,atmosphere,O,,
NaN,than,O,,
NaN,carbon,O,,
NaN,dioxide,O,,
NaN,,,O,
NaN,doing,O,,
NaN,25,O,,
NaN,times,O,,
NaN,the,O,,
NaN,damage,O,,
NaN,over,O,,
NaN,the,O,,
NaN,long,O,,
NaN,term,O,,
NaN,despite,O,,
NaN,surviving,O,,
NaN,for,O,,
NaN,less,O,,
NaN,time,O,,
NaN,,,O,
NaN,according,O,,
NaN,to,O,,
NaN,the,O,,
NaN,EPA.The,O,,
NaN,oil,O,,
NaN,and,O,,
NaN,gas,O,,
NaN,industry,O,,
NaN,is,O,,
NaN,the,O,,
NaN,nation,O,,
NaN,’s,O,,
NaN,primary,O,,
NaN,source,O,,
NaN,of,O,,
NaN,methane,O,,
NaN,emissions,O,,
NaN,,,O,
NaN,according,O,,
NaN,to,O,,
NaN,the,O,,
NaN,EPA,O,,
NaN,,,O,
NaN,accounting,O,,
NaN,for,O,,
NaN,nearly,O,,
NaN,one,O,,
NaN,-,O,,
NaN,third,O,,
NaN,in,O,,
NaN,2016.Under,O,,
NaN,Trump,O,,
NaN,,,O,
NaN,both,O,,
NaN,the,O,,
NaN,Interior,O,,
NaN,Department,O,,
NaN,and,O,,
NaN,the,O,,
NaN,EPA,O,,
NaN,have,O,,
NaN,proposed,O,,
NaN,a,O,,
NaN,series,O,,
NaN,of,O,,
NaN,rules,O,,
NaN,\”some,O,,
NaN,blocked,O,,
NaN,by,O,,
NaN,courts\,O,,
NaN,”,O,,
NaN,to,O,,
NaN,loosen,O,,
NaN,regulation,O,,
NaN,of,O,,
NaN,methane,B-chem,,
NaN,emissions,O,,
NaN,.,O,,
Sentence 13,President,O,,
NaN,Barack,O,,
NaN,Obama,O,,
Sentence 14,’s,O,,
NaN,administration,O,,
NaN,had,O,,
NaN,cited,O,,
NaN,legal,O,,
NaN,authority,O,,
NaN,under,O,,
NaN,the,O,,
NaN,Clean,O,,
NaN,Air,O,,
NaN,Act,O,,
NaN,to,O,,
NaN,require,O,,
NaN,companies,O,,
NaN,to,O,,
NaN,detect,O,,
NaN,and,O,,
NaN,stop,O,,
NaN,methane,B-chem,,
NaN,leaks,O,,
NaN,at,O,,
NaN,oil,B-chem,,
NaN,and,O,,
NaN,gas,O,,
NaN,sites,O,,
NaN,.,O,,
Sentence 15,The,O,,
NaN,Trump,O,,
NaN,administration,O,,
NaN,contends,O,,
NaN,that,O,,
NaN,Obama,O,,
NaN,’s,O,,
NaN,EPA,O,,
NaN,skipped,O,,
NaN,required,O,,
NaN,legal,O,,
NaN,steps,O,,
NaN,in,O,,
NaN,making,O,,
NaN,that,O,,
NaN,decision,O,,
NaN,,,O,
NaN,and,O,,
NaN,its,O,,
NaN,proposal,O,,
NaN,Thursday,O,,
NaN,seeks,O,,
NaN,public,O,,
NaN,comment,O,,
NaN,on,O,,
NaN,the,O,,
NaN,issue.\“Essentially,O,,
NaN,,,O,
NaN,this,O,,
NaN,is,O,,
NaN,the,O,,
NaN,umpteenth,O,,
NaN,iteration,O,,
NaN,of,O,,
NaN,the,O,,
NaN,EPA,O,,
NaN,’s,O,,
NaN,exercise,O,,
NaN,to,O,,
NaN,define,O,,
NaN,away,O,,
NaN,its,O,,
NaN,Clean,O,,
NaN,Air,O,,
NaN,Act,O,,
NaN,authority,O,,
NaN,...,O,,
NaN,to,O,,
NaN,address,O,,
NaN,air,O,,
NaN,pollution,O,,
NaN,and,O,,
NaN,greenhouse,O,,
Sentence 16,gases,\,O,
NaN,”,O,,
NaN,said,O,,
NaN,Joseph,O,,
NaN,Goffman,O,,
NaN,,,O,
NaN,an,O,,
NaN,EPA,O,,
NaN,air,O,,
NaN,official,O,,
NaN,under,O,,
NaN,Obama,O,,
NaN,.,O,,
Sentence 17,Methane,O,,
NaN,levels,O,,
NaN,globally,O,,
NaN,have,O,,
NaN,risen,O,,
NaN,to,O,,
NaN,historic,O,,
NaN,highs,O,,
NaN,,,O,
NaN,and,O,,
NaN,the,O,,
NaN,oil,O,,
NaN,industry,O,,
NaN,’s,O,,
NaN,U.S.,O,,
NaN,shale,O,,
NaN,gas,O,,
NaN,boom,O,,
NaN,has,O,,
NaN,been,O,,
NaN,the,O,,
NaN,single,O,,
NaN,largest,O,,
NaN,driver,O,,
NaN,of,O,,
NaN,that,O,,
NaN,,,O,
NaN,said,O,,
NaN,Robert,O,,
NaN,Howarth,O,,
NaN,,,O,
NaN,a,O,,
NaN,professor,O,,
NaN,of,O,,
NaN,ecology,O,,
NaN,at,O,,
NaN,Cornell,O,,
NaN,University.\“The,O,,
NaN,increase,O,,
NaN,in,O,,
NaN,methane,O,,
NaN,has,O,,
NaN,contributed,O,,
NaN,significantly,O,,
NaN,to,O,,
NaN,the,O,,
NaN,accelerated,O,,
NaN,global,O,,
NaN,warming,O,,
NaN,and,O,,
NaN,climate,O,,
NaN,disruption,O,,
NaN,the,O,,
NaN,Earth,O,,
NaN,has,O,,
NaN,experienced,O,,
NaN,in,O,,
NaN,recent,O,,
NaN,years,\,O,
Sentence 18,”,O,,
NaN,Howarth,O,,
NaN,said,O,,
NaN,in,O,,
NaN,an,O,,
NaN,email,O,,
NaN,.,O,,
Sentence 19,While,O,,
NaN,environmental,O,,
NaN,groups,O,,
NaN,pointed,O,,
NaN,to,O,,
NaN,the,O,,
NaN,long,O,,
NaN,-,O,,
NaN,term,O,,
NaN,regulatory,O,,
NaN,impact,O,,
NaN,on,O,,
NaN,methane,B-chem,,
NaN,overall,O,,
NaN,,,O,
NaN,the,O,,
NaN,oil,O,,
NaN,industry,O,,
NaN,said,O,,
NaN,the,O,,
NaN,direct,O,,
NaN,immediate,O,,
NaN,effect,O,,
NaN,for,O,,
NaN,methane,O,,
NaN,emissions,O,,
NaN,would,O,,
NaN,be,O,,
NaN,negligible,O,,
NaN,.,O,,
Sentence 20,Controls,O,,
NaN,on,O,,
NaN,other,O,,
NaN,,,O,
NaN,regulated,O,,
NaN,pollutants,O,,
NaN,would,O,,
NaN,also,O,,
NaN,capture,O,,
NaN,methane,O,,
NaN,before,O,,
NaN,it,O,,
NaN,leaks,O,,
NaN,from,O,,
NaN,pipelines,O,,
NaN,,,O,
NaN,said,O,,
NaN,Erik,O,,
NaN,Milito,O,,
NaN,of,O,,
NaN,the,O,,
NaN,American,O,,
NaN,Petroleum,O,,
NaN,Institute,O,,
NaN,.,O,,
Sentence 21,The,O,,
NaN,Obama,O,,
NaN,-,O,,
NaN,era,O,,
NaN,requirements,O,,
NaN,to,O,,
NaN,find,O,,
NaN,and,O,,
NaN,fix,O,,
NaN,methane,O,,
NaN,leaks,O,,
NaN,imposed,O,,
NaN,\“a,O,,
NaN,disproportionate,O,,
NaN,effect,O,,
NaN,on,O,,
NaN,small,O,,
NaN,businesses\,O,,
NaN,”,O,,
Sentence 22,in,O,,
NaN,the,O,,
NaN,oil,O,,
NaN,industry,O,,
NaN,,,O,
NaN,Milito,O,,
NaN,said,O,,
NaN,.,O,,
Sentence 23,\“A,O,,
NaN,lot,O,,
NaN,of,O,,
NaN,mom,O,,
NaN,and,O,,
NaN,pops,O,,
NaN,would,O,,
NaN,have,O,,
NaN,their,O,,
NaN,wells,O,,
NaN,shut,O,,
NaN,in,O,,
NaN,,,O,
NaN,elderly,O,,
NaN,people,O,,
NaN,with,O,,
NaN,wells,O,,
NaN,on,O,,
NaN,their,O,,
NaN,properties,O,,
NaN,that,O,,
NaN,could,O,,
NaN,be,O,,
NaN,shut,O,,
NaN,down\,O,,
NaN,”,O,,
Sentence 24,under,O,,
NaN,the,O,,
NaN,rules,O,,
NaN,to,O,,
NaN,be,O,,
NaN,rescinded,O,,
NaN,.,O,,
Sentence 25,But,O,,
NaN,the,O,,
NaN,rollbacks,O,,
NaN,on,O,,
NaN,emissions,O,,
NaN,from,O,,
NaN,oilfields,O,,
NaN,,,O,
NaN,storage,O,,
NaN,sites,O,,
NaN,and,O,,
NaN,pipelines,O,,
NaN,have,O,,
NaN,split,O,,
NaN,the,O,,
NaN,oil,O,,
NaN,industry,O,,
NaN,,,O,
NaN,worrying,O,,
NaN,some,O,,
NaN,in,O,,
NaN,the,O,,
NaN,industry,O,,
NaN,about,O,,
NaN,growing,O,,
NaN,blowback,O,,
NaN,in,O,,
NaN,a,O,,
NaN,world,O,,
NaN,increasingly,O,,
NaN,mindful,O,,
NaN,of,O,,
NaN,climate,O,,
NaN,change,O,,
NaN,.,O,,
Sentence 26,Some,O,,
NaN,oil,O,,
NaN,majors,O,,
NaN,this,O,,
NaN,year,O,,
NaN,urged,O,,
NaN,the,O,,
NaN,administration,O,,
NaN,to,O,,
NaN,crack,O,,
NaN,down,O,,
NaN,\”not,O,,
NaN,ease,O,,
NaN,up\,O,,
NaN,”,O,,
NaN,on,O,,
NaN,the,O,,
NaN,emissions,O,,
NaN,.,O,,
Sentence 27,They,O,,
NaN,repeated,O,,
NaN,that,O,,
NaN,request,O,,
NaN,ThursdaRoyal,O,,
NaN,Dutch,O,,
NaN,Shell,O,,
NaN,has,O,,
NaN,long,O,,
NaN,supported,O,,
NaN,the,O,,
NaN,direct,O,,
NaN,regulation,O,,
NaN,of,O,,
NaN,methane,O,,
NaN,and,O,,
NaN,urged,O,,
NaN,the,O,,
NaN,administration,O,,
NaN,earlier,O,,
NaN,this,O,,
NaN,year,O,,
NaN,to,O,,
NaN,write,O,,
NaN,a,O,,
NaN,rule,O,,
NaN,regulating,O,,
NaN,existing,O,,
NaN,sources,O,,
NaN,of,O,,
NaN,methane,B-chem,,
NaN,emissions.\“While,O,,
NaN,the,O,,
NaN,law,O,,
NaN,may,O,,
NaN,change,O,,
NaN,in,O,,
NaN,this,O,,
NaN,instance,O,,
NaN,,,O,
NaN,our,O,,
NaN,environmental,O,,
NaN,commitments,O,,
NaN,will,O,,
NaN,stand,\,O,
NaN,”,O,,
NaN,Gretchen,O,,
NaN,Watkins,O,,
NaN,,,O,
NaN,Shell,O,,
NaN,U.S.,O,,
NaN,president,O,,
NaN,,,O,
NaN,said,O,,
NaN,in,O,,
NaN,a,O,,
NaN,statement,O,,
NaN,.,O,,
Sentence 28,Directly,O,,
NaN,regulating,O,,
NaN,methane,O,,
NaN,emissions,O,,
NaN,and,O,,
NaN,driving,O,,
NaN,down,O,,
NaN,leaks,O,,
NaN,is,O,,
NaN,\“not,O,,
NaN,only,O,,
NaN,the,O,,
NaN,right,O,,
NaN,thing,O,,
NaN,to,O,,
NaN,do,O,,
NaN,for,O,,
NaN,the,O,,
NaN,environment,O,,
NaN,,,O,
NaN,there,O,,
NaN,is,O,,
NaN,also,O,,
NaN,a,O,,
NaN,clear,O,,
NaN,business,O,,
NaN,case,O,,
NaN,for,O,,
NaN,doing,O,,
NaN,this,\,O,
NaN,”,O,,
NaN,said,O,,
NaN,Susan,O,,
NaN,Dio,O,,
NaN,,,O,
NaN,president,O,,
NaN,of,O,,
NaN,BP,O,,
NaN,America,O,,
NaN,,,O,
NaN,in,O,,
NaN,a,O,,
NaN,statement,O,,
NaN,.,O,,
Sentence 29,Exxon,O,,
NaN,Mobil,O,,
NaN,spokesman,O,,
NaN,Scott,O,,
NaN,Silvestri,O,,
NaN,said,O,,
NaN,the,O,,
NaN,oil,O,,
NaN,giant,O,,
NaN,would,O,,
NaN,continue,O,,
NaN,urging,O,,
NaN,EPA,O,,
NaN,\”as,O,,
NaN,it,O,,
NaN,has,O,,
NaN,since,O,,
NaN,last,O,,
NaN,year\,O,,
NaN,”,O,,
NaN,to,O,,
NaN,stick,O,,
NaN,to,O,,
NaN,directly,O,,
NaN,regulating,O,,
NaN,methane,B-chem,,
NaN,emissions,O,,
NaN,from,O,,
NaN,oil,O,,
NaN,and,O,,
NaN,gas,O,,
NaN,facilities,O,,
NaN,.,O,,
Sentence 30,Asked,O,,
NaN,about,O,,
NaN,those,O,,
NaN,requests,O,,
NaN,,,O,
NaN,Anne,O,,
NaN,Idsal,O,,
NaN,,,O,
NaN,the,O,,
NaN,EPA,O,,
NaN,’s,O,,
NaN,acting,O,,
NaN,assistant,O,,
NaN,administrator,O,,
NaN,for,O,,
NaN,air,O,,
NaN,,,O,
NaN,told,O,,
NaN,reporters,O,,
NaN,,,O,
NaN,\“We,O,,
NaN,do,O,,
NaN,n’t,O,,
NaN,preclude,O,,
NaN,anyone,O,,
NaN,from,O,,
NaN,going,O,,
NaN,above,O,,
NaN,and,O,,
NaN,beyond,O,,
NaN,if,O,,
NaN,that,O,,
Sentence 31,’s,O,,
NaN,something,O,,
NaN,they,O,,
NaN,want,O,,
NaN,to,O,,
NaN,do.\,O,,
NaN,”,O,,
Sentence 32,Environmental,O,,
NaN,advocates,O,,
NaN,and,O,,
NaN,Democratic,O,,
NaN,lawmakers,O,,
NaN,called,O,,
NaN,the,O,,
NaN,rollback,O,,
NaN,reckless,O,,
NaN,.,O,,
Sentence 33,Sen.,O,,
Sentence 34,Tom,O,,
NaN,Carper,O,,
NaN,of,O,,
NaN,Delaware,O,,
NaN,,,O,
NaN,top,O,,
NaN,Democrat,O,,
NaN,on,O,,
NaN,the,O,,
NaN,Senate,O,,
NaN,Environmental,O,,
NaN,and,O,,
NaN,Public,O,,
NaN,Works,O,,
NaN,Committee,O,,
NaN,,,O,
NaN,said,O,,
NaN,,,O,
NaN,\“The,O,,
NaN,Trump,O,,
NaN,administration,O,,
NaN,has,O,,
NaN,continued,O,,
NaN,to,O,,
NaN,pursue,O,,
NaN,a,O,,
NaN,course,O,,
NaN,that,O,,
NaN,would,O,,
NaN,increase,O,,
NaN,profit,O,,
NaN,margins,O,,
NaN,for,O,,
NaN,the,O,,
NaN,oil,O,,
NaN,and,O,,
NaN,gas,O,,
NaN,industry,O,,
NaN,,,O,
NaN,even,O,,
NaN,if,O,,
NaN,it,O,,
NaN,means,O,,
NaN,cutting,O,,
NaN,commonsense,O,,
NaN,public,O,,
NaN,health,O,,
NaN,and,O,,
NaN,environmental,O,,
NaN,protections.\,O,,
NaN,”,O,,
Sentence 1,LAPEER,O,,
NaN,,,O,
NaN,Mich.,O,,
NaN,(,O,,
NaN,AP,O,,
NaN,),O,,
NaN,-,O,,
Sentence 2,For,O,,
NaN,more,O,,
NaN,than,O,,
NaN,20,O,,
NaN,years,O,,
NaN,,,O,
NaN,the,O,,
NaN,eastern,O,,
NaN,Michigan,O,,
NaN,town,O,,
NaN,of,O,,
NaN,Lapeer,O,,
NaN,sent,O,,
NaN,leftover,O,,
NaN,sludge,O,,
NaN,from,O,,
NaN,its,O,,
NaN,sewage,O,,
NaN,treatment,O,,
NaN,plant,O,,
NaN,to,O,,
NaN,area,O,,
NaN,farms,O,,
NaN,,,O,
NaN,supplying,O,,
NaN,them,O,,
NaN,with,O,,
NaN,high,O,,
NaN,-,O,,
NaN,quality,O,,
NaN,,,O,
NaN,free,O,,
NaN,fertilizer,O,,
NaN,while,O,,
NaN,avoiding,O,,
NaN,the,O,,
NaN,expense,O,,
NaN,of,O,,
NaN,disposal,O,,
NaN,elsewhere,O,,
NaN,.,O,,
Sentence 3,But,O,,
NaN,state,O,,
NaN,inspectors,O,,
NaN,ordered,O,,
NaN,a,O,,
NaN,halt,O,,
NaN,to,O,,
NaN,the,O,,
NaN,practice,O,,
NaN,in,O,,
NaN,2017,O,,
NaN,after,O,,
NaN,learning,O,,
NaN,the,O,,
NaN,material,O,,
NaN,was,O,,
NaN,laced,O,,
NaN,with,O,,
NaN,one,O,,
NaN,of,O,,
NaN,the,O,,
NaN,potentially,O,,
NaN,harmful,O,,
NaN,chemicals,O,,
NaN,known,O,,
NaN,collectively,O,,
NaN,as,O,,
NaN,PFAS,B-chem,,
NaN,,,O,
NaN,which,O,,
NaN,are,O,,
NaN,turning,O,,
NaN,up,O,,
NaN,in,O,,
NaN,drinking,O,,
NaN,water,O,,
NaN,and,O,,
NaN,some,O,,
NaN,foods,O,,
NaN,across,O,,
NaN,the,O,,
NaN,U.S.Now,O,,
NaN,,,O,
NaN,the,O,,
NaN,city,O,,
NaN,of,O,,
NaN,8,800,O,
NaN,expects,O,,
NaN,to,O,,
NaN,pay,O,,
NaN,about,O,,
NaN,$,O,,
NaN,3,O,,
NaN,million,O,,
NaN,to,O,,
NaN,have,O,,
NaN,the,O,,
NaN,waste,O,,
NaN,treated,O,,
NaN,at,O,,
NaN,another,O,,
NaN,facility,O,,
NaN,and,O,,
NaN,the,O,,
NaN,leftover,O,,
NaN,solids,O,,
NaN,shipped,O,,
NaN,to,O,,
NaN,a,O,,
NaN,landfill,O,,
NaN,.,O,,
Sentence 4,Testing,O,,
NaN,has,O,,
NaN,found,O,,
NaN,elevated,O,,
NaN,PFAS,B-chem,,
NaN,levels,I-chem,,
NaN,in,O,,
NaN,just,O,,
NaN,one,O,,
NaN,field,O,,
NaN,where,O,,
NaN,the,O,,
NaN,sludge,O,,
NaN,was,O,,
NaN,spread,O,,
NaN,,,O,
NaN,but,O,,
NaN,farmers,O,,
NaN,have,O,,
NaN,lost,O,,
NaN,an,O,,
NaN,economical,O,,
NaN,fertilizer,B-chem,,
NaN,source,O,,
NaN,and,O,,
NaN,hope,O,,
NaN,more,O,,
NaN,contamination,O,,
NaN,does,O,,
NaN,n’t,O,,
NaN,turn,O,,
NaN,up,O,,
NaN,.,O,,
Sentence 5,\“I,O,,
NaN,feel,O,,
NaN,bad,O,,
NaN,for,O,,
NaN,them,\,O,
NaN,”,O,,
NaN,said,O,,
NaN,Michael,O,,
NaN,Wurts,O,,
NaN,,,O,
NaN,superintendent,O,,
NaN,of,O,,
NaN,the,O,,
NaN,waste,O,,
NaN,treatment,O,,
NaN,plant,O,,
NaN,,,O,
NaN,who,O,,
NaN,ruefully,O,,
NaN,recalls,O,,
NaN,promoting,O,,
NaN,sludge,O,,
NaN,as,O,,
NaN,an,O,,
NaN,agricultural,O,,
NaN,soil,O,,
NaN,additive,O,,
NaN,to,O,,
NaN,growers,O,,
NaN,in,O,,
NaN,the,O,,
NaN,community,O,,
NaN,.,O,,
Sentence 6,\“The,O,,
NaN,city,O,,
NaN,did,O,,
NaN,n’t,O,,
NaN,do,O,,
NaN,anything,O,,
NaN,malicious,O,,
NaN,.,O,,
Sentence 7,We,O,,
NaN,had,O,,
NaN,no,O,,
NaN,clue,O,,
NaN,this,O,,
NaN,was,O,,
NaN,going,O,,
NaN,on.\,O,,
NaN,”,O,,
Sentence 8,Lapeer,O,,
NaN,is,O,,
NaN,n’t,O,,
NaN,alone,O,,
NaN,.,O,,
Sentence 9,For,O,,
NaN,decades,O,,
NaN,,,O,
NaN,sewage,B-chem,,
NaN,sludge,I-chem,,
NaN,from,O,,
NaN,thousands,O,,
NaN,of,O,,
NaN,wastewater,O,,
NaN,treatment,O,,
NaN,plants,O,,
NaN,has,O,,
NaN,been,O,,
NaN,used,O,,
NaN,nationwide,O,,
NaN,as,O,,
NaN,cropland,B-chem,,
NaN,fertilizer,I-chem,,
NaN,.,O,,
Sentence 10,It,O,,
NaN,’s,O,,
NaN,also,O,,
NaN,applied,O,,
NaN,to,O,,
NaN,sports,O,,
NaN,fields,O,,
NaN,,,O,
NaN,golf,O,,
NaN,courses,O,,
NaN,and,O,,
NaN,backyard,O,,
NaN,gardens,O,,
NaN,.,O,,
Sentence 11,About,O,,
NaN,half,O,,
NaN,of,O,,
NaN,the,O,,
NaN,7,B-quant,,
NaN,million,I-quant,,
NaN,tons,I-quant,,
NaN,generated,O,,
NaN,annually,O,,
NaN,in,O,,
NaN,the,O,,
NaN,U.S.,O,,
NaN,is,O,,
NaN,applied,O,,
NaN,to,O,,
NaN,farm,O,,
NaN,fields,O,,
NaN,and,O,,
NaN,other,O,,
NaN,lands,O,,
NaN,,,O,
NaN,the,O,,
NaN,Environmental,O,,
NaN,Protection,O,,
NaN,Agency,O,,
NaN,says,O,,
NaN,.,O,,
Sentence 12,While,O,,
NaN,the,O,,
NaN,sludge,O,,
NaN,offers,O,,
NaN,farmers,O,,
NaN,a,O,,
NaN,cheap,O,,
NaN,source,O,,
NaN,of,O,,
NaN,fertilizer,O,,
NaN,,,O,
NaN,there,O,,
NaN,long,O,,
NaN,have,O,,
NaN,been,O,,
NaN,concerns,O,,
NaN,about,O,,
NaN,contaminants,O,,
NaN,in,O,,
NaN,the,O,,
NaN,material,O,,
NaN,and,O,,
NaN,attention,O,,
NaN,of,O,,
NaN,late,O,,
Sentence 13,has,O,,
NaN,turned,O,,
NaN,to,O,,
NaN,perfluoroalkyl,O,,
NaN,and,O,,
NaN,polyfluoroalkyl,B-chem,,
NaN,substances,I-chem,,
NaN,,,O,
NaN,or,O,,
NaN,PFAS.The,O,,
NaN,city,O,,
NaN,of,O,,
NaN,Marinette,O,,
NaN,,,O,
NaN,Wisconsin,O,,
NaN,,,O,
NaN,has,O,,
NaN,stopped,O,,
NaN,distributing,O,,
NaN,sewage,O,,
NaN,waste,O,,
NaN,,,O,
NaN,also,O,,
NaN,called,O,,
NaN,\“biosolids,\,O,
NaN,”,O,,
NaN,to,O,,
NaN,farms,O,,
NaN,after,O,,
NaN,getting,O,,
NaN,high,O,,
NaN,PFAS,B-chem,,
NaN,readings,O,,
NaN,.,O,,
Sentence 14,In,O,,
NaN,Maine,O,,
NaN,,,O,
NaN,a,O,,
NaN,dairy,O,,
NaN,farm,O,,
NaN,was,O,,
NaN,forced,O,,
NaN,to,O,,
NaN,shut,O,,
NaN,down,O,,
NaN,after,O,,
NaN,sludge,B-chem,,
NaN,spread,O,,
NaN,on,O,,
NaN,the,O,,
NaN,land,O,,
NaN,was,O,,
NaN,linked,O,,
NaN,to,O,,
NaN,high,O,,
NaN,levels,O,,
NaN,of,O,,
NaN,PFAS,B-chem,,
NaN,in,O,,
NaN,the,O,,
NaN,milk.\“It,O,,
NaN,’s,O,,
NaN,been,O,,
NaN,devastating,O,,
NaN,.,O,,
Sentence 15,We,O,,
NaN,kind,O,,
NaN,of,O,,
NaN,get,O,,
NaN,treated,O,,
NaN,like,O,,
NaN,we,O,,
NaN,are,O,,
NaN,criminals,\,O,
NaN,”,O,,
NaN,said,O,,
NaN,Stoneridge,O,,
NaN,Farm,O,,
NaN,’s,O,,
NaN,Fred,O,,
NaN,Stone,O,,
NaN,,,O,
NaN,whose,O,,
NaN,blood,O,,
NaN,has,O,,
NaN,also,O,,
NaN,tested,O,,
NaN,high,O,,
NaN,for,O,,
NaN,PFAS,B-chem,,
NaN,from,O,,
NaN,what,O,,
NaN,he,O,,
NaN,believes,O,,
NaN,was,O,,
NaN,drinking,O,,
NaN,contaminated,O,,
NaN,water,O,,
NaN,and,O,,
NaN,milk,O,,
NaN,over,O,,
NaN,the,O,,
NaN,years,O,,
NaN,.,O,,
Sentence 16,The,O,,
NaN,concern,O,,
NaN,is,O,,
NaN,that,O,,
NaN,certain,O,,
NaN,PFAS,B-chem,,
NaN,chemicals,I-chem,,
NaN,,,O,
NaN,which,O,,
NaN,studies,O,,
NaN,have,O,,
NaN,associated,O,,
NaN,with,O,,
NaN,increased,O,,
NaN,risk,O,,
NaN,of,O,,
NaN,cancer,O,,
NaN,and,O,,
NaN,damage,O,,
NaN,to,O,,
NaN,organs,O,,
NaN,such,O,,
NaN,as,O,,
NaN,the,O,,
NaN,liver,O,,
NaN,and,O,,
NaN,thyroid,O,,
NaN,,,O,
NaN,could,O,,
NaN,be,O,,
NaN,absorbed,O,,
NaN,by,O,,
NaN,crops,O,,
NaN,grown,O,,
NaN,in,O,,
NaN,soils,O,,
NaN,treated,O,,
NaN,with,O,,
NaN,polluted,O,,
NaN,sludge,B-chem,,
NaN,and,O,,
NaN,wind,O,,
NaN,up,O,,
NaN,in,O,,
NaN,foods,O,,
NaN,.,O,,
Sentence 17,The,O,,
NaN,Food,O,,
NaN,and,O,,
NaN,Drug,O,,
NaN,Administration,O,,
NaN,this,O,,
NaN,year,O,,
NaN,reported,O,,
NaN,finding,O,,
NaN,substantial,O,,
NaN,levels,O,,
NaN,of,O,,
NaN,the,O,,
NaN,chemicals,O,,
NaN,in,O,,
NaN,random,O,,
NaN,samples,O,,
NaN,of,O,,
NaN,grocery,O,,
NaN,store,O,,
NaN,meats,O,,
NaN,,,O,
NaN,dairy,O,,
NaN,products,O,,
NaN,,,O,
NaN,seafood,O,,
NaN,and,O,,
NaN,even,O,,
NaN,off,O,,
NaN,-,O,,
NaN,the,O,,
NaN,-,O,,
NaN,shelf,O,,
NaN,chocolate,O,,
NaN,cake,O,,
NaN,,,O,
NaN,although,O,,
NaN,the,O,,
NaN,study,O,,
NaN,did,O,,
NaN,not,O,,
NaN,mention,O,,
NaN,any,O,,
NaN,connection,O,,
NaN,to,O,,
NaN,sewage,O,,
NaN,waste.\“The,O,,
NaN,FDA,O,,
NaN,continues,O,,
NaN,to,O,,
NaN,work,O,,
NaN,with,O,,
NaN,other,O,,
NaN,federal,O,,
NaN,agencies,O,,
NaN,to,O,,
NaN,identify,O,,
NaN,sources,O,,
NaN,and,O,,
NaN,reduce,O,,
NaN,or,O,,
NaN,eliminate,O,,
NaN,pathways,O,,
NaN,for,O,,
NaN,dietary,O,,
NaN,PFAS,B-chem,,
NaN,exposure,O,,
NaN,including,O,,
NaN,through,O,,
NaN,use,O,,
NaN,of,O,,
NaN,biosolids,\,O,
NaN,”,O,,
NaN,spokeswoman,O,,
NaN,Lindsay,O,,
NaN,Haake,O,,
NaN,said,O,,
NaN,.,O,,
Sentence 18,The,O,,
NaN,extent,O,,
NaN,of,O,,
NaN,any,O,,
NaN,threat,O,,
NaN,to,O,,
NaN,the,O,,
NaN,food,O,,
NaN,supply,O,,
NaN,is,O,,
NaN,unknown,O,,
NaN,because,O,,
NaN,so,O,,
NaN,little,O,,
NaN,testing,O,,
NaN,has,O,,
NaN,been,O,,
NaN,done,O,,
NaN,,,O,
NaN,scientists,O,,
NaN,say.\“We,O,,
NaN,do,O,,
NaN,n’t,O,,
NaN,have,O,,
NaN,a,O,,
NaN,lot,O,,
NaN,of,O,,
NaN,data,O,,
NaN,but,O,,
Sentence 19,the,O,,
NaN,data,O,,
NaN,we,O,,
NaN,have,O,,
NaN,suggests,O,,
NaN,it,O,,
NaN,’s,O,,
NaN,a,O,,
NaN,problem,\,O,
NaN,”,O,,
NaN,Linda,O,,
NaN,Birnbaum,O,,
NaN,,,O,
NaN,director,O,,
NaN,of,O,,
NaN,the,O,,
NaN,National,O,,
NaN,Institute,O,,
NaN,of,O,,
NaN,Environmental,O,,
NaN,Health,O,,
NaN,Sciences,O,,
NaN,,,O,
NaN,said,O,,
NaN,at,O,,
NaN,a,O,,
NaN,recent,O,,
NaN,conference,O,,
NaN,in,O,,
NaN,Boston,O,,
NaN,.,O,,
Sentence 20,\“We,O,,
NaN,are,O,,
NaN,finding,O,,
NaN,that,O,,
NaN,there,O,,
NaN,are,O,,
NaN,elevated,O,,
NaN,levels,O,,
NaN,of,O,,
NaN,different,O,,
NaN,PFAS,B-chem,,
NaN,in,O,,
NaN,biosolids,O,,
NaN,.,O,,
Sentence 21,We,O,,
NaN,clearly,O,,
NaN,need,O,,
NaN,more,O,,
NaN,research,O,,
NaN,in,O,,
NaN,this,O,,
NaN,area.\”Studies,O,,
NaN,have,O,,
NaN,documented,O,,
NaN,PFAS,B-chem,,
NaN,absorption,O,,
NaN,by,O,,
NaN,some,O,,
NaN,crops,O,,
NaN,\”lettuce,O,,
NaN,,,O,
NaN,tomatoes,O,,
NaN,and,O,,
NaN,radishes,O,,
NaN,among,O,,
NaN,them\,O,,
NaN,”,O,,
NaN,from,O,,
NaN,soils,O,,
NaN,fertilized,O,,
NaN,with,O,,
NaN,sewage,O,,
NaN,byproducts,O,,
NaN,.,O,,
Sentence 22,And,O,,
NaN,the,O,,
NaN,EPA,O,,
NaN,’s,O,,
NaN,inspector,O,,
NaN,general,O,,
NaN,reported,O,,
NaN,last,O,,
NaN,year,O,,
NaN,that,O,,
NaN,the,O,,
NaN,agency,O,,
NaN,was,O,,
NaN,falling,O,,
NaN,short,O,,
NaN,in,O,,
NaN,tracking,O,,
NaN,hundreds,O,,
NaN,of,O,,
NaN,pollutants,O,,
NaN,in,O,,
NaN,sludge,O,,
NaN,,,O,
NaN,including,O,,
NaN,PFAS.Yet,O,,
NaN,despite,O,,
NaN,growing,O,,
NaN,evidence,O,,
NaN,that,O,,
NaN,at,O,,
NaN,least,O,,
NaN,some,O,,
NaN,sludge,O,,
NaN,is,O,,
NaN,contaminated,O,,
NaN,,,O,
NaN,the,O,,
NaN,federal,O,,
NaN,government,O,,
NaN,has,O,,
NaN,n’t,O,,
NaN,limited,O,,
NaN,PFAS,B-chem,,
NaN,in,O,,
NaN,fertilizer,B-chem,,
NaN,or,O,,
NaN,developed,O,,
NaN,a,O,,
NaN,standard,O,,
NaN,for,O,,
NaN,determining,O,,
NaN,safe,O,,
NaN,levels,O,,
NaN,.,O,,
Sentence 23,That,O,,
NaN,leaves,O,,
NaN,fertilizer,O,,
NaN,companies,O,,
NaN,and,O,,
NaN,farmers,O,,
NaN,wondering,O,,
NaN,what,O,,
NaN,to,O,,
NaN,do,O,,
NaN,and,O,,
NaN,fearful,O,,
NaN,of,O,,
NaN,consumer,O,,
NaN,backlash.\“If,O,,
Sentence 24,you,O,,
NaN,want,O,,
NaN,to,O,,
NaN,destroy,O,,
NaN,agriculture,O,,
NaN,in,O,,
NaN,Michigan,O,,
NaN,,,O,
Sentence 25,start,O,,
NaN,talking,O,,
NaN,about,O,,
NaN,,,O,
NaN,’,O,,
NaN,Hey,O,,
NaN,,,O,
NaN,it,O,,
NaN,could,O,,
NaN,be,O,,
NaN,contaminated,O,,
NaN,with,O,,
NaN,PFAS,B-chem,,
NaN,”,O,,
NaN,said,O,,
NaN,Laura,O,,
NaN,Campbell,O,,
NaN,,,O,
NaN,agricultural,O,,
NaN,ecology,O,,
NaN,manager,O,,
NaN,for,O,,
NaN,the,O,,
NaN,Michigan,O,,
NaN,Farm,O,,
NaN,Bureau,O,,
NaN,.,O,,
Sentence 26,\“People,O,,
NaN,will,O,,
NaN,see,O,,
NaN,that,O,,
NaN,and,O,,
NaN,say,O,,
NaN,,,O,
NaN,‘,O,,
NaN,Oh,O,,
NaN,,,O,
NaN,we,O,,
NaN,ca,O,,
NaN,n’t,O,,
NaN,trust,O,,
NaN,them,O,,
NaN,,,O,
NaN,we,O,,
NaN,’ll,O,,
NaN,buy,O,,
NaN,from,O,,
NaN,elsewhere,O,,
NaN,,,O,
NaN,’,O,,
NaN,even,O,,
NaN,though,O,,
NaN,the,O,,
NaN,problem,O,,
NaN,is,O,,
NaN,no,O,,
NaN,worse,O,,
NaN,in,O,,
NaN,Michigan,O,,
NaN,than,O,,
NaN,it,O,,
NaN,is,O,,
NaN,anywhere,O,,
NaN,else.\”Studies,O,,
NaN,going,O,,
NaN,back,O,,
NaN,almost,O,,
NaN,two,O,,
NaN,decades,O,,
NaN,found,O,,
NaN,PFAS,B-chem,,
NaN,in,O,,
NaN,sludge,O,,
NaN,,,O,
NaN,primarily,O,,
NaN,from,O,,
NaN,industrial,O,,
NaN,wastewater,O,,
NaN,that,O,,
NaN,flows,O,,
NaN,to,O,,
NaN,municipal,O,,
NaN,treatment,O,,
NaN,facilities,O,,
NaN,.,O,,
Sentence 27,Residential,O,,
NaN,sewage,O,,
NaN,is,O,,
NaN,another,O,,
NaN,source,O,,
NaN,from,O,,
NaN,carpets,O,,
NaN,,,O,
NaN,clothes,O,,
NaN,and,O,,
NaN,other,O,,
NaN,household,O,,
NaN,items,O,,
NaN,containing,O,,
NaN,PFAS,B-chem,,
NaN,.,O,,
Sentence 28,The,O,,
NaN,grease-,O,,
NaN,and,O,,
NaN,water,O,,
NaN,-,O,,
NaN,resistant,O,,
NaN,compounds,O,,
NaN,,,O,
NaN,known,O,,
NaN,as,O,,
NaN,\“forever,O,,
NaN,chemicals\,O,,
NaN,”,O,,
NaN,because,O,,
NaN,they,O,,
NaN,do,O,,
NaN,n’t,O,,
NaN,degrade,O,,
NaN,naturally,O,,
NaN,and,O,,
NaN,are,O,,
NaN,believed,O,,
NaN,capable,O,,
NaN,of,O,,
NaN,lingering,O,,
NaN,indefinitely,O,,
NaN,in,O,,
NaN,the,O,,
NaN,environment,O,,
NaN,,,O,
NaN,also,O,,
NaN,are,O,,
NaN,found,O,,
NaN,in,O,,
NaN,firefighting,O,,
NaN,foam,O,,
NaN,used,O,,
NaN,at,O,,
NaN,military,O,,
NaN,bases,O,,
NaN,and,O,,
NaN,airports,O,,
NaN,.,O,,
Sentence 29,Evidence,O,,
NaN,of,O,,
NaN,a,O,,
NaN,link,O,,
NaN,between,O,,
NaN,PFAS,B-chem,,
NaN,-,O,,
NaN,laced,O,,
NaN,sludge,O,,
NaN,and,O,,
NaN,food,O,,
NaN,emerged,O,,
NaN,in,O,,
NaN,2008,O,,
NaN,,,O,
NaN,when,O,,
NaN,the,O,,
NaN,EPA,O,,
NaN,found,O,,
NaN,elevated,O,,
NaN,levels,O,,
NaN,of,O,,
NaN,several,O,,
NaN,compounds,O,,
NaN,in,O,,
NaN,sludge,O,,
NaN,that,O,,
NaN,a,O,,
NaN,Decatur,O,,
NaN,,,O,
NaN,Alabama,O,,
NaN,utility,O,,
NaN,had,O,,
NaN,spread,O,,
NaN,on,O,,
NaN,5,0,O,
NaN,acres,O,,
NaN,of,O,,
NaN,farmland,O,,
NaN,.,O,,
Sentence 30,They,O,,
NaN,were,O,,
NaN,detected,O,,
NaN,in,O,,
NaN,nearby,O,,
NaN,waters,O,,
NaN,and,O,,
NaN,vegetation,O,,
NaN,from,O,,
NaN,the,O,,
NaN,fields,O,,
NaN,.,O,,
Sentence 31,The,O,,
NaN,chemicals,O,,
NaN,were,O,,
NaN,traced,O,,
NaN,to,O,,
NaN,several,O,,
NaN,companies,O,,
NaN,that,O,,
NaN,manufactured,O,,
NaN,and,O,,
NaN,used,O,,
NaN,PFAS.\“I’m,O,,
NaN,very,O,,
NaN,concerned,O,,
NaN,about,O,,
NaN,replicating,O,,
NaN,that,O,,
NaN,in,O,,
NaN,other,O,,
NaN,states,\,O,
NaN,”,O,,
NaN,EPA,O,,
NaN,’s,O,,
NaN,Andrew,O,,
NaN,Lindstrom,O,,
NaN,,,O,
NaN,whose,O,,
NaN,lab,O,,
NaN,ran,O,,
NaN,tests,O,,
NaN,there,O,,
NaN,,,O,
NaN,said,O,,
NaN,at,O,,
NaN,the,O,,
NaN,Boston,O,,
NaN,conference,O,,
NaN,.,O,,
Sentence 32,Milk,O,,
NaN,from,O,,
NaN,one,O,,
NaN,dairy,O,,
NaN,contained,O,,
NaN,270,B-quant,,
NaN,parts,I-quant,,
NaN,per,I-quant,,
NaN,trillion,I-quant,,
NaN,of,O,,
NaN,PFAS,B-chem,,
NaN,almost,O,,
NaN,four,O,,
NaN,times,O,,
NaN,the,O,,
NaN,agency,O,,
NaN,’s,O,,
NaN,nonbinding,O,,
NaN,health,O,,
NaN,risk,O,,
NaN,level,O,,
NaN,of,O,,
NaN,70,B-quant,,
NaN,ppt,I-quant,,
NaN,for,O,,
NaN,PFOA,B-chem,,
NaN,and,O,,
NaN,PFOS,B-chem,,
NaN,,,O,
NaN,the,O,,
NaN,two,O,,
NaN,best,O,,
NaN,-,O,,
NaN,known,O,,
NaN,chemicals,O,,
NaN,in,O,,
NaN,the,O,,
NaN,class,O,,
NaN,.,O,,
Sentence 33,An,O,,
NaN,EPA,O,,
NaN,\“action,O,,
NaN,plan\,O,,
NaN,”,O,,
NaN,in,O,,
NaN,February,O,,
NaN,acknowledged,O,,
NaN,\“information,O,,
NaN,gaps\,O,,
NaN,”,O,,
NaN,about,O,,
NaN,tainted,O,,
NaN,sludge,O,,
NaN,.,O,,
Sentence 34,It,O,,
NaN,said,O,,
NaN,the,O,,
NaN,agency,O,,
NaN,was,O,,
NaN,developing,O,,
NaN,better,O,,
NaN,detection,O,,
NaN,methods,O,,
NaN,and,O,,
NaN,assessing,O,,
NaN,risks,O,,
NaN,posed,O,,
NaN,by,O,,
NaN,PFOA,B-chem,,
NaN,and,O,,
NaN,PFOS,B-chem,,
NaN,,,O,
NaN,which,O,,
NaN,no,O,,
NaN,longer,O,,
NaN,are,O,,
NaN,manufactured,O,,
NaN,in,O,,
NaN,the,O,,
NaN,U.S.,O,,
NaN,but,O,,
NaN,remain,O,,
NaN,widespread,O,,
NaN,in,O,,
NaN,the,O,,
NaN,environment.\“We,O,,
NaN,are,O,,
NaN,studying,O,,
NaN,the,O,,
NaN,potential,O,,
NaN,pathways,O,,
NaN,by,O,,
NaN,which,O,,
NaN,PFAS,B-chem,,
NaN,are,O,,
NaN,getting,O,,
NaN,into,O,,
NaN,biosolids,O,,
Sentence 35,and,O,,
NaN,we,O,,
NaN,are,O,,
NaN,researching,O,,
NaN,alternative,O,,
NaN,methods,O,,
NaN,for,O,,
NaN,removing,O,,
NaN,or,O,,
NaN,destroying,O,,
NaN,PFAS,B-chem,,
NaN,in,O,,
NaN,biosolids,O,,
NaN,if,O,,
NaN,analysis,O,,
NaN,indicates,O,,
NaN,that,O,,
NaN,detected,O,,
NaN,levels,O,,
NaN,are,O,,
NaN,of,O,,
NaN,risk,O,,
NaN,and,O,,
NaN,need,O,,
NaN,reduction,\,O,
NaN,”,O,,
Sentence 36,the,O,,
NaN,agency,O,,
NaN,told,O,,
NaN,The,O,,
NaN,Associated,O,,
NaN,Press,O,,
NaN,in,O,,
NaN,a,O,,
NaN,statement,O,,
NaN,.,O,,
Sentence 37,Advocacy,O,,
NaN,groups,O,,
NaN,say,O,,
NaN,EPA,O,,
NaN,also,O,,
NaN,should,O,,
NaN,look,O,,
NaN,at,O,,
NaN,chemicals,O,,
NaN,developed,O,,
NaN,as,O,,
NaN,replacements,O,,
NaN,for,O,,
NaN,PFOA,B-chem,,
NaN,and,O,,
NaN,PFOS,B-chem,,
NaN,,,O,
NaN,which,O,,
NaN,studies,O,,
NaN,found,O,,
NaN,accumulate,O,,
NaN,in,O,,
NaN,edible,O,,
NaN,parts,O,,
NaN,of,O,,
NaN,plants.\“At,O,,
NaN,least,O,,
NaN,EPA,O,,
NaN,should,O,,
NaN,require,O,,
NaN,that,O,,
NaN,sludge,O,,
NaN,be,O,,
NaN,tested,O,,
NaN,for,O,,
NaN,PFAS,B-chem,,
NaN,before,O,,
NaN,being,O,,
NaN,applied,O,,
NaN,to,O,,
NaN,farm,O,,
NaN,fields,\,O,
NaN,”,O,,
NaN,said,O,,
NaN,Colin,O,,
NaN,O’Neil,O,,
NaN,,,O,
NaN,legislative,O,,
NaN,director,O,,
NaN,with,O,,
NaN,the,O,,
NaN,Environmental,O,,
NaN,Working,O,,
NaN,Group,O,,
NaN,.,O,,
Sentence 38,Its,O,,
NaN,inspector,O,,
NaN,general,O,,
NaN,reported,O,,
NaN,last,O,,
NaN,year,O,,
NaN,that,O,,
NaN,the,O,,
NaN,EPA,O,,
NaN,had,O,,
NaN,identified,O,,
NaN,352,O,,
NaN,pollutants,O,,
NaN,,,O,
NaN,including,O,,
NaN,PFAS,B-chem,,
NaN,,,O,
NaN,in,O,,
NaN,biosolids,O,,
NaN,.,O,,
Sentence 39,But,O,,
NaN,the,O,,
NaN,report,O,,
NaN,concluded,O,,
NaN,the,O,,
NaN,agency,O,,
NaN,had,O,,
NaN,too,O,,
NaN,little,O,,
NaN,data,O,,
NaN,and,O,,
NaN,other,O,,
NaN,tools,O,,
NaN,to,O,,
NaN,assess,O,,
NaN,their,O,,
NaN,safety,O,,
NaN,.,O,,
Sentence 40,Regulations,O,,
NaN,require,O,,
NaN,testing,O,,
NaN,for,O,,
NaN,only,O,,
NaN,nine,O,,
NaN,pollutants,O,,
NaN,in,O,,
NaN,sludge,O,,
NaN,,,O,
NaN,all,O,,
NaN,heavy,O,,
NaN,metals,O,,
NaN,.,O,,
Sentence 41,Several,O,,
NaN,states,O,,
NaN,are,O,,
NaN,examining,O,,
NaN,sewage,O,,
NaN,sludge,O,,
NaN,for,O,,
NaN,PFAS,B-chem,,
NaN,contamination,O,,
NaN,and,O,,
NaN,assessing,O,,
NaN,potential,O,,
NaN,dangers,O,,
NaN,.,O,,
Sentence 42,Maine,O,,
NaN,has,O,,
NaN,enacted,O,,
NaN,a,O,,
NaN,nonbinding,O,,
NaN,advisory,O,,
NaN,level,O,,
NaN,for,O,,
NaN,PFAS,B-chem,,
NaN,in,O,,
NaN,sludge,O,,
NaN,and,O,,
NaN,New,O,,
NaN,Hampshire,O,,
NaN,is,O,,
NaN,working,O,,
NaN,with,O,,
NaN,the,O,,
NaN,U.S.,O,,
NaN,Geological,O,,
NaN,Survey,O,,
NaN,on,O,,
NaN,a,O,,
NaN,soil,O,,
NaN,study,O,,
NaN,whose,O,,
NaN,results,O,,
NaN,will,O,,
NaN,help,O,,
NaN,them,O,,
NaN,set,O,,
NaN,a,O,,
NaN,standard,O,,
NaN,.,O,,
Sentence 43,Maine,O,,
NaN,also,O,,
NaN,found,O,,
NaN,most,O,,
NaN,biosolids,O,,
NaN,from,O,,
NaN,more,O,,
NaN,than,O,,
NaN,30,O,,
NaN,wastewater,O,,
NaN,treatment,O,,
NaN,plants,O,,
NaN,were,O,,
NaN,above,O,,
NaN,the,O,,
NaN,state,O,,
NaN,’s,O,,
NaN,advisory,O,,
NaN,level,O,,
NaN,while,O,,
NaN,neighboring,O,,
NaN,New,O,,
NaN,Hampshire,O,,
NaN,detected,O,,
NaN,PFAS,B-chem,,
NaN,in,O,,
NaN,tests,O,,
NaN,of,O,,
NaN,sludge,O,,
NaN,from,O,,
NaN,two,O,,
NaN,dozen,O,,
NaN,permit,O,,
NaN,holders,O,,
NaN,.,O,,
Sentence 44,Neither,O,,
NaN,state,O,,
NaN,found,O,,
NaN,traceable,O,,
NaN,levels,O,,
NaN,of,O,,
NaN,PFAS,B-chem,,
NaN,in,O,,
NaN,the,O,,
NaN,milk,O,,
NaN,tested,O,,
NaN,.,O,,
Sentence 45,Based,O,,
NaN,on,O,,
NaN,sludge,O,,
NaN,tests,O,,
NaN,at,O,,
NaN,41,O,,
NaN,plants,O,,
NaN,,,O,
NaN,Michigan,O,,
NaN,ordered,O,,
NaN,several,O,,
NaN,to,O,,
NaN,stop,O,,
NaN,distributing,O,,
NaN,it,O,,
NaN,to,O,,
NaN,farms,O,,
NaN,.,O,,
Sentence 46,After,O,,
NaN,the,O,,
NaN,state,O,,
NaN,’s,O,,
NaN,environmental,O,,
NaN,department,O,,
NaN,ordered,O,,
NaN,some,O,,
NaN,plants,O,,
NaN,to,O,,
NaN,trace,O,,
NaN,PFAS,B-chem,,
NaN,sent,O,,
NaN,to,O,,
NaN,them,O,,
NaN,,,O,
NaN,several,O,,
NaN,installed,O,,
NaN,treatment,O,,
NaN,systems,O,,
NaN,that,O,,
NaN,sharply,O,,
NaN,reduced,O,,
NaN,their,O,,
NaN,pollution,O,,
NaN,output,O,,
NaN,,,O,
NaN,spokesman,O,,
NaN,Scott,O,,
NaN,Dean,O,,
NaN,said,O,,
NaN,.,O,,
Sentence 47,Among,O,,
NaN,them,O,,
NaN,was,O,,
NaN,Lapeer,O,,
NaN,Plating,O,,
NaN,&,O,,
NaN,Plastics,O,,
NaN,,,O,
NaN,the,O,,
NaN,automotive,O,,
NaN,chrome,O,,
NaN,manufacturer,O,,
NaN,that,O,,
NaN,caused,O,,
Sentence 48,the,O,,
NaN,Lapeer,O,,
NaN,contamination.ut,O,,
NaN,City,O,,
NaN,Manager,O,,
NaN,Dale,O,,
NaN,Kerbyson,O,,
NaN,said,O,,
NaN,the,O,,
NaN,company,O,,
NaN,has,O,,
NaN,reneged,O,,
NaN,on,O,,
NaN,a,O,,
NaN,promise,O,,
NaN,to,O,,
NaN,help,O,,
NaN,cover,O,,
NaN,Lapeer,O,,
NaN,’s,O,,
NaN,costs,O,,
NaN,of,O,,
NaN,dealing,O,,
NaN,with,O,,
NaN,the,O,,
NaN,pollution,O,,
NaN,and,O,,
NaN,a,O,,
NaN,lawsuit,O,,
NaN,may,O,,
NaN,be,O,,
NaN,coming,O,,
NaN,.,O,,
Sentence 49,\“I,O,,
Sentence 50,do,O,,
NaN,n’t,O,,
NaN,think,O,,
NaN,the,O,,
NaN,citizens,O,,
NaN,of,O,,
NaN,our,O,,
NaN,city,O,,
NaN,should,O,,
NaN,have,O,,
NaN,to,O,,
NaN,pay,O,,
NaN,for,O,,
NaN,this,\,O,
NaN,”,O,,
Sentence 51,Kerbyson,O,,
NaN,said,O,,
NaN,.,O,,
Sentence 52,Lapeer,O,,
NaN,Plating,O,,
NaN,&,O,,
NaN,Plastics,O,,
NaN,did,O,,
NaN,not,O,,
NaN,respond,O,,
NaN,to,O,,
NaN,email,O,,
NaN,and,O,,
NaN,phone,O,,
NaN,messages,O,,
NaN,seeking,O,,
NaN,comment,O,,
NaN,.,O,,
Sentence 53,Although,O,,
NaN,they,O,,
NaN,complain,O,,
NaN,about,O,,
NaN,a,O,,
NaN,lack,O,,
NaN,of,O,,
NaN,government,O,,
NaN,standards,O,,
NaN,,,O,
NaN,some,O,,
NaN,cities,O,,
NaN,and,O,,
NaN,towns,O,,
NaN,fear,O,,
NaN,strict,O,,
NaN,rules,O,,
NaN,that,O,,
NaN,could,O,,
NaN,force,O,,
NaN,costly,O,,
NaN,infrastructure,O,,
NaN,upgrades,O,,
NaN,or,O,,
NaN,sending,O,,
NaN,sludge,O,,
NaN,to,O,,
NaN,out,O,,
NaN,-,O,,
NaN,of,O,,
NaN,-,O,,
NaN,state,O,,
NaN,landfills,O,,
NaN,.,O,,
Sentence 54,And,O,,
NaN,companies,O,,
NaN,worry,O,,
NaN,they,O,,
NaN,will,O,,
NaN,be,O,,
NaN,put,O,,
NaN,out,O,,
NaN,of,O,,
NaN,business,O,,
NaN,.,O,,
Sentence 55,“,O,,
NaN,\This,O,,
NaN,is,O,,
NaN,the,O,,
NaN,biggest,O,,
NaN,issue,O,,
NaN,that,O,,
NaN,has,O,,
NaN,hit,O,,
NaN,the,O,,
NaN,biosolids,O,,
NaN,recycling,O,,
NaN,profession,O,,
NaN,in,O,,
NaN,North,O,,
NaN,America,O,,
NaN,ever,O,,
NaN,,,O,
NaN,because,O,,
NaN,of,O,,
NaN,regulatory,O,,
NaN,overreaction,\,O,
NaN,”,O,,
NaN,said,O,,
NaN,Ned,O,,
NaN,Beecher,O,,
NaN,,,O,
NaN,executive,O,,
NaN,director,O,,
NaN,of,O,,
NaN,the,O,,
NaN,North,O,,
NaN,East,O,,
NaN,Biosolids,O,,
NaN,and,O,,
NaN,Residuals,O,,
NaN,Association,O,,
NaN,.,O,,
Sentence 56,Companies,O,,
NaN,that,O,,
NaN,manufacture,O,,
NaN,compost,O,,
Sentence 57,\,O,,
Sentence 58,”,O,,
NaN,some,O,,
NaN,from,O,,
NaN,sewage,B-chem,,
NaN,sludge\,I-chem,,
NaN,”,O,,
NaN,contend,O,,
NaN,tough,O,,
NaN,standards,O,,
NaN,are,O,,
NaN,premature,O,,
NaN,until,O,,
NaN,scientists,O,,
NaN,determine,O,,
NaN,acceptable,O,,
NaN,PFAS,B-chem,,
NaN,levels.\“We,O,,
Sentence 59,do,O,,
NaN,n’t,O,,
NaN,want,O,,
NaN,people,O,,
NaN,jumping,O,,
NaN,to,O,,
NaN,conclusions,\,O,
NaN,”,O,,
NaN,said,O,,
NaN,Frank,O,,
NaN,Franciosi,O,,
NaN,,,O,
NaN,executive,O,,
NaN,director,O,,
NaN,of,O,,
NaN,the,O,,
NaN,U.S.,O,,
NaN,Composting,O,,
NaN,Council,O,,
NaN,.,O,,
Sentence 60,If,O,,
NaN,EPA,O,,
NaN,cracks,O,,
NaN,down,O,,
NaN,on,O,,
NaN,anyone,O,,
NaN,,,O,
NaN,he,O,,
NaN,said,O,,
NaN,,,O,
NaN,it,O,,
NaN,should,O,,
NaN,be,O,,
NaN,those,O,,
NaN,who,O,,
NaN,manufacture,O,,
NaN,and,O,,
NaN,use,O,,
NaN,PFAS,B-chem,,
NaN,chemicals,I-chem,,
NaN,that,O,,
NaN,enter,O,,
NaN,the,O,,
NaN,waste,O,,
NaN,stream,O,,
NaN,.,O,,
Sentence 1,NASHVILLE,O,,
NaN,,,O,
NaN,Tenn.,O,,
NaN,(,O,,
NaN,AP,O,,
NaN,),O,,
NaN,-,O,,
Sentence 2,The,O,,
NaN,nation,O,,
NaN,’s,O,,
NaN,largest,O,,
NaN,public,O,,
NaN,utility,O,,
NaN,on,O,,
NaN,Thursday,O,,
NaN,agreed,O,,
NaN,to,O,,
NaN,dig,O,,
NaN,up,O,,
NaN,and,O,,
NaN,remove,O,,
NaN,about,O,,
NaN,12,O,,
NaN,million,O,,
NaN,cubic,O,,
NaN,yards,O,,
NaN,(,O,,
NaN,9.2,O,,
NaN,million,O,,
NaN,cubic,O,,
NaN,meters,O,,
NaN,),O,,
NaN,of,O,,
NaN,coal,O,,
NaN,ash,O,,
NaN,from,O,,
NaN,unlined,O,,
NaN,pits,O,,
NaN,at,O,,
NaN,a,O,,
NaN,Tennessee,O,,
NaN,coal,O,,
NaN,-,O,,
NaN,burning,O,,
NaN,power,O,,
NaN,plant,O,,
NaN,.,O,,
Sentence 3,Prompted,O,,
NaN,by,O,,
NaN,two,O,,
NaN,environmental,O,,
NaN,groups,O,,
NaN,,,O,
NaN,the,O,,
NaN,state,O,,
NaN,sued,O,,
NaN,the,O,,
NaN,Tennessee,O,,
NaN,Valley,O,,
NaN,Authority,O,,
NaN,in,O,,
NaN,2015,O,,
NaN,over,O,,
NaN,pollution,O,,
NaN,from,O,,
NaN,coal,O,,
NaN,ash,O,,
NaN,dumps,O,,
NaN,at,O,,
NaN,the,O,,
NaN,Gallatin,O,,
NaN,Fossil,O,,
NaN,Plant,O,,
NaN,.,O,,
Sentence 4,According,O,,
NaN,to,O,,
NaN,court,O,,
NaN,filings,O,,
NaN,,,O,
NaN,pollutants,O,,
NaN,leach,O,,
NaN,from,O,,
NaN,the,O,,
NaN,ash,O,,
NaN,into,O,,
NaN,the,O,,
NaN,groundwater,O,,
NaN,and,O,,
NaN,then,O,,
NaN,enter,O,,
NaN,the,O,,
NaN,Cumberland,O,,
NaN,River,O,,
NaN,,,O,
NaN,a,O,,
NaN,source,O,,
NaN,of,O,,
NaN,drinking,O,,
NaN,water,O,,
NaN,for,O,,
NaN,Nashville,O,,
NaN,.,O,,
Sentence 5,The,O,,
NaN,cleanup,O,,
NaN,is,O,,
NaN,expected,O,,
NaN,to,O,,
NaN,cost,O,,
NaN,about,O,,
NaN,$,O,,
NaN,640,O,,
NaN,million,O,,
NaN,and,O,,
NaN,be,O,,
NaN,finished,O,,
NaN,by,O,,
NaN,the,O,,
NaN,year,O,,
NaN,2040.The,O,,
NaN,Tennessee,O,,
NaN,Department,O,,
NaN,of,O,,
NaN,Environment,O,,
NaN,and,O,,
NaN,Conservation,O,,
NaN,and,O,,
NaN,the,O,,
NaN,environmental,O,,
NaN,groups,O,,
NaN,announced,O,,
NaN,a,O,,
NaN,settlement,O,,
NaN,with,O,,
NaN,TVA,O,,
NaN,on,O,,
NaN,Thursday,O,,
NaN,.,O,,
Sentence 6,The,O,,
NaN,utility,O,,
NaN,has,O,,
NaN,agreed,O,,
NaN,to,O,,
NaN,excavate,O,,
NaN,the,O,,
NaN,majority,O,,
NaN,of,O,,
NaN,the,O,,
NaN,coal,O,,
NaN,ash,O,,
NaN,stored,O,,
NaN,at,O,,
NaN,Gallatin,O,,
NaN,and,O,,
NaN,recycle,O,,
NaN,it,O,,
NaN,or,O,,
NaN,remove,O,,
NaN,it,O,,
NaN,to,O,,
NaN,a,O,,
NaN,lined,O,,
NaN,,,O,
NaN,permitted,O,,
NaN,landfill,O,,
NaN,.,O,,
Sentence 7,It,O,,
NaN,will,O,,
NaN,also,O,,
NaN,develop,O,,
NaN,a,O,,
NaN,plan,O,,
NaN,for,O,,
NaN,dealing,O,,
NaN,with,O,,
NaN,pollution,O,,
NaN,from,O,,
NaN,about,O,,
NaN,2.3,O,,
NaN,million,O,,
NaN,cubic,O,,
NaN,yards,O,,
NaN,(,O,,
NaN,1.7,O,,
NaN,million,O,,
NaN,cubic,O,,
NaN,meters,O,,
NaN,),O,,
NaN,of,O,,
NaN,ash,O,,
NaN,remaining,O,,
NaN,on,O,,
NaN,site,O,,
NaN,.,O,,
Sentence 8,TVA,O,,
NaN,,,O,
NaN,which,O,,
NaN,provides,O,,
NaN,power,O,,
NaN,to,O,,
NaN,more,O,,
NaN,than,O,,
NaN,10,O,,
NaN,million,O,,
NaN,people,O,,
NaN,in,O,,
NaN,parts,O,,
NaN,of,O,,
NaN,seven,O,,
NaN,Southern,O,,
NaN,states,O,,
NaN,,,O,
NaN,has,O,,
NaN,recently,O,,
NaN,come,O,,
NaN,under,O,,
NaN,increased,O,,
NaN,scrutiny,O,,
NaN,for,O,,
NaN,its,O,,
NaN,handling,O,,
NaN,of,O,,
NaN,coal,O,,
NaN,ash,O,,
NaN,,,O,
NaN,the,O,,
NaN,byproduct,O,,
NaN,of,O,,
NaN,burning,O,,
NaN,coal,O,,
NaN,for,O,,
NaN,power,O,,
NaN,.,O,,
Sentence 9,Speaking,O,,
NaN,at,O,,
NaN,the,O,,
NaN,Gallatin,O,,
NaN,plant,O,,
NaN,on,O,,
NaN,Thursday,O,,
NaN,,,O,
NaN,TVA,O,,
NaN,President,O,,
NaN,and,O,,
NaN,CEO,O,,
NaN,Jeff,O,,
NaN,Lyash,O,,
NaN,said,O,,
NaN,the,O,,
NaN,utility,O,,
NaN,is,O,,
NaN,committed,O,,
NaN,to,O,,
NaN,the,O,,
NaN,safe,O,,
NaN,handling,O,,
NaN,and,O,,
NaN,storage,O,,
NaN,of,O,,
NaN,coal,O,,
NaN,ash,O,,
NaN,at,O,,
NaN,its,O,,
NaN,plants,O,,
NaN,in,O,,
NaN,Tennessee,O,,
NaN,,,O,
NaN,Kentucky,O,,
NaN,and,O,,
NaN,Alabama,O,,
NaN,.,O,,
Sentence 10,But,O,,
NaN,he,O,,
NaN,said,O,,
NaN,other,O,,
NaN,old,O,,
NaN,,,O,
NaN,unlined,O,,
NaN,ash,O,,
NaN,pits,O,,
NaN,may,O,,
NaN,be,O,,
NaN,capped,O,,
NaN,and,O,,
NaN,left,O,,
NaN,in,O,,
NaN,place,O,,
NaN,if,O,,
NaN,the,O,,
NaN,utility,O,,
NaN,determines,O,,
NaN,it,O,,
NaN,is,O,,
NaN,safe,O,,
NaN,to,O,,
NaN,do,O,,
NaN,so,O,,
NaN,.,O,,
Sentence 11,The,O,,
NaN,Environmental,O,,
NaN,Protection,O,,
NaN,Agency,O,,
NaN,began,O,,
NaN,working,O,,
NaN,to,O,,
NaN,regulate,O,,
NaN,coal,O,,
NaN,ash,O,,
NaN,after,O,,
NaN,an,O,,
NaN,impoundment,O,,
NaN,failed,O,,
NaN,at,O,,
NaN,another,O,,
NaN,TVA,O,,
NaN,plant,O,,
NaN,in,O,,
NaN,Kingston,O,,
NaN,,,O,
NaN,spilling,O,,
NaN,5.4,O,,
NaN,million,O,,
NaN,cubic,O,,
NaN,yards,O,,
NaN,(,O,,
NaN,4.1,O,,
NaN,million,O,,
NaN,cubic,O,,
NaN,meters,O,,
NaN,),O,,
NaN,of,O,,
NaN,ash,O,,
NaN,into,O,,
NaN,the,O,,
NaN,Emory,O,,
NaN,River,O,,
NaN,and,O,,
NaN,surrounding,O,,
NaN,community,O,,
NaN,.,O,,
Sentence 12,The,O,,
NaN,EPA,O,,
NaN,released,O,,
NaN,regulations,O,,
NaN,in,O,,
NaN,2015,O,,
NaN,that,O,,
NaN,treat,O,,
NaN,coal,B-chem,,
NaN,ash,I-chem,,
NaN,more,O,,
NaN,like,O,,
NaN,household,O,,
NaN,garbage,O,,
NaN,than,O,,
NaN,a,O,,
NaN,hazardous,O,,
NaN,material,O,,
NaN,.,O,,
Sentence 13,But,O,,
NaN,since,O,,
NaN,then,O,,
NaN,,,O,
NaN,workers,O,,
NaN,involved,O,,
NaN,in,O,,
NaN,cleaning,O,,
NaN,up,O,,
NaN,the,O,,
NaN,spill,O,,
NaN,have,O,,
NaN,sued,O,,
NaN,the,O,,
NaN,contractor,O,,
NaN,that,O,,
NaN,TVA,O,,
NaN,hired,O,,
NaN,to,O,,
NaN,manage,O,,
NaN,the,O,,
NaN,job,O,,
NaN,,,O,
NaN,saying,O,,
NaN,chronic,O,,
NaN,exposure,O,,
NaN,to,O,,
NaN,the,O,,
NaN,ash,O,,
NaN,sickened,O,,
NaN,and,O,,
NaN,even,O,,
NaN,killed,O,,
NaN,some,O,,
NaN,workers,O,,
NaN,.,O,,
Sentence 14,The,O,,
NaN,parties,O,,
NaN,have,O,,
NaN,been,O,,
NaN,ordered,O,,
NaN,by,O,,
NaN,the,O,,
NaN,judge,O,,
NaN,to,O,,
NaN,try,O,,
NaN,to,O,,
NaN,mediate,O,,
NaN,a,O,,
NaN,settlement,O,,
NaN,.,O,,
Sentence 15,TVA,O,,
NaN,has,O,,
NaN,said,O,,
NaN,it,O,,
NaN,is,O,,
NaN,dewatering,O,,
NaN,its,O,,
NaN,coal,O,,
NaN,ash,O,,
NaN,dumps,O,,
NaN,to,O,,
NaN,help,O,,
NaN,prevent,O,,
NaN,leaching,O,,
NaN,,,O,
NaN,but,O,,
NaN,the,O,,
NaN,utility,O,,
NaN,has,O,,
NaN,resisted,O,,
NaN,calls,O,,
NaN,to,O,,
NaN,remove,O,,
NaN,all,O,,
NaN,ash,O,,
NaN,to,O,,
NaN,lined,O,,
NaN,landfills,O,,
NaN,.,O,,
Sentence 16,The,O,,
NaN,settlement,O,,
NaN,over,O,,
NaN,the,O,,
NaN,Gallatin,O,,
NaN,ash,O,,
NaN,is,O,,
NaN,subject,O,,
NaN,to,O,,
NaN,a,O,,
NaN,30-day,O,,
NaN,public,O,,
NaN,comment,O,,
NaN,period,O,,
NaN,and,O,,
NaN,the,O,,
NaN,approval,O,,
NaN,of,O,,
NaN,the,O,,
NaN,judge,O,,
NaN,overseeing,O,,
NaN,the,O,,
NaN,case,O,,
NaN,.,O,,
Sentence 17,Gary,O,,
NaN,Weatherford,O,,
NaN,is,O,,
NaN,president,O,,
NaN,of,O,,
NaN,the,O,,
NaN,Tennessee,O,,
NaN,Scenic,O,,
NaN,Rivers,O,,
NaN,Association,O,,
NaN,,,O,
NaN,one,O,,
NaN,of,O,,
NaN,the,O,,
NaN,groups,O,,
NaN,that,O,,
NaN,pushed,O,,
NaN,the,O,,
NaN,state,O,,
NaN,to,O,,
NaN,act,O,,
NaN,at,O,,
NaN,the,O,,
NaN,Gallatin,O,,
NaN,plant,O,,
NaN,.,O,,
Sentence 18,He,O,,
NaN,said,O,,
NaN,in,O,,
NaN,a,O,,
NaN,statement,O,,
NaN,that,O,,
NaN,the,O,,
NaN,settlement,O,,
NaN,is,O,,
NaN,an,O,,
NaN,example,O,,
NaN,of,O,,
NaN,the,O,,
NaN,difference,O,,
NaN,that,O,,
NaN,citizen,O,,
NaN,advocates,O,,
NaN,can,O,,
NaN,make,O,,
NaN,in,O,,
NaN,protecting,O,,
NaN,waterways.\“We,O,,
NaN,intend,O,,
NaN,to,O,,
NaN,continue,O,,
NaN,to,O,,
NaN,hold,O,,
NaN,TVA,O,,
NaN,responsible,O,,
NaN,as,O,,
NaN,it,O,,
NaN,pursues,O,,
NaN,the,O,,
NaN,appropriate,O,,
NaN,actions,O,,
NaN,needed,O,,
NaN,to,O,,
NaN,safely,O,,
NaN,remove,O,,
NaN,this,O,,
NaN,pollution,O,,
NaN,,,O,
NaN,and,O,,
NaN,we,O,,
NaN,hope,O,,
NaN,that,O,,
NaN,others,O,,
NaN,will,O,,
NaN,join,O,,
NaN,us,O,,
NaN,as,O,,
NaN,citizen,O,,
NaN,watchdogs,\,O,
NaN,”,O,,
Sentence 19,he,O,,
NaN,said,O,,
NaN,.,O,,
Sentence 1,HOUSTON,O,,
NaN,(,O,,
NaN,AP,O,,
NaN,),O,,
Sentence 2,An,O,,
NaN,emergency,O,,
NaN,dike,O,,
NaN,has,O,,
NaN,been,O,,
NaN,repaired,O,,
NaN,and,O,,
NaN,a,O,,
NaN,fire,O,,
NaN,-,O,,
NaN,damaged,O,,
NaN,petrochemical,O,,
NaN,tank,O,,
NaN,stabilized,O,,
NaN,during,O,,
NaN,cleanup,O,,
NaN,of,O,,
NaN,leaking,O,,
NaN,oil,O,,
NaN,products,O,,
NaN,that,O,,
NaN,closed,O,,
NaN,part,O,,
NaN,of,O,,
NaN,the,O,,
NaN,Houston,O,,
NaN,Ship,O,,
NaN,Channel,O,,
NaN,,,O,
NaN,the,O,,
NaN,operator,O,,
NaN,of,O,,
NaN,the,O,,
NaN,complex,O,,
NaN,said,O,,
NaN,Sunday,O,,
NaN,.,O,,
Sentence 3,Authorities,O,,
NaN,are,O,,
NaN,still,O,,
NaN,trying,O,,
NaN,to,O,,
NaN,determine,O,,
NaN,what,O,,
NaN,caused,O,,
NaN,a,O,,
NaN,March,O,,
NaN,17,O,,
NaN,fire,O,,
NaN,at,O,,
NaN,Intercontinental,O,,
NaN,Terminals,O,,
NaN,Company,O,,
NaN,’s,O,,
Sentence 4,Deer,O,,
NaN,Park,O,,
NaN,facility,O,,
NaN,,,O,
NaN,which,O,,
NaN,left,O,,
NaN,several,O,,
NaN,petrochemical,O,,
NaN,tanks,O,,
NaN,damaged,O,,
NaN,or,O,,
NaN,destroyed,O,,
NaN,.,O,,
Sentence 5,Some,O,,
NaN,tanks,O,,
NaN,leaked,O,,
NaN,oil,O,,
NaN,products,O,,
NaN,and,O,,
NaN,a,O,,
NaN,containment,O,,
NaN,area,O,,
NaN,was,O,,
NaN,breached,O,,
NaN,Friday,O,,
NaN,,,O,
NaN,leading,O,,
NaN,to,O,,
NaN,the,O,,
NaN,mixture,O,,
NaN,reaching,O,,
NaN,the,O,,
NaN,ship,O,,
NaN,channel,O,,
NaN,,,O,
NaN,said,O,,
NaN,Brent,O,,
NaN,Weber,O,,
NaN,,,O,
NaN,an,O,,
NaN,ITC,O,,
NaN,spokesman,O,,
NaN,.,O,,
Sentence 6,The,O,,
NaN,channel,O,,
NaN,\,O,,
Sentence 7,”,O,,
NaN,one,O,,
NaN,of,O,,
NaN,the,O,,
NaN,busiest,O,,
NaN,commercial,O,,
NaN,waterways,O,,
NaN,in,O,,
NaN,the,O,,
NaN,country\,O,,
NaN,”,O,,
NaN,was,O,,
NaN,closed,O,,
NaN,to,O,,
NaN,traffic,O,,
NaN,that,O,,
NaN,day,O,,
NaN,.,O,,
Sentence 8,Weber,O,,
NaN,said,O,,
NaN,the,O,,
NaN,berm,O,,
NaN,was,O,,
NaN,fixed,O,,
NaN,by,O,,
NaN,Sunday,O,,
NaN,.,O,,
Sentence 9,At,O,,
NaN,least,O,,
NaN,52,O,,
NaN,vessels,O,,
NaN,are,O,,
NaN,waiting,O,,
NaN,for,O,,
NaN,the,O,,
NaN,waterway,O,,
NaN,to,O,,
NaN,reopen,O,,
NaN,,,O,
NaN,and,O,,
NaN,the,O,,
NaN,U.S.,O,,
NaN,Coast,O,,
NaN,Guard,O,,
NaN,hopes,O,,
NaN,to,O,,
NaN,reopen,O,,
NaN,the,O,,
NaN,entire,O,,
NaN,Houston,O,,
NaN,Ship,O,,
NaN,Channel,O,,
NaN,by,O,,
NaN,Monday,O,,
NaN,morning,O,,
NaN,,,O,
NaN,U.S.,O,,
NaN,Coast,O,,
NaN,Guard,O,,
NaN,Petty,O,,
NaN,Officer,O,,
NaN,Kelly,O,,
NaN,Parker,O,,
NaN,said,O,,
NaN,.,O,,
Sentence 10,The,O,,
NaN,massive,O,,
NaN,fire,O,,
NaN,more,O,,
NaN,than,O,,
NaN,a,O,,
NaN,week,O,,
NaN,ago,O,,
NaN,thrust,O,,
NaN,plumes,O,,
NaN,of,O,,
NaN,black,O,,
NaN,smoke,O,,
NaN,into,O,,
NaN,the,O,,
NaN,air,O,,
NaN,and,O,,
NaN,burned,O,,
NaN,on,O,,
NaN,and,O,,
NaN,off,O,,
NaN,for,O,,
NaN,days,O,,
NaN,.,O,,
Sentence 11,Harris,O,,
NaN,County,O,,
NaN,and,O,,
NaN,ITC,O,,
NaN,officials,O,,
NaN,initially,O,,
NaN,said,O,,
NaN,air,O,,
NaN,quality,O,,
NaN,was,O,,
NaN,not,O,,
NaN,affected,O,,
NaN,by,O,,
NaN,the,O,,
NaN,blaze,O,,
NaN,,,O,
NaN,but,O,,
NaN,by,O,,
NaN,Thursday,O,,
NaN,the,O,,
NaN,National,O,,
NaN,Guard,O,,
NaN,was,O,,
NaN,called,O,,
NaN,in,O,,
NaN,and,O,,
NaN,residents,O,,
NaN,were,O,,
NaN,warned,O,,
NaN,to,O,,
NaN,stay,O,,
NaN,inside,O,,
NaN,for,O,,
NaN,their,O,,
NaN,own,O,,
NaN,safety,O,,
NaN,because,O,,
NaN,of,O,,
NaN,high,O,,
NaN,levels,O,,
NaN,of,O,,
NaN,benzene,B-chem,,
NaN,in,O,,
NaN,the,O,,
NaN,air,O,,
NaN,.,O,,
Sentence 12,The,O,,
NaN,chemical,O,,
NaN,evaporates,O,,
NaN,quickly,O,,
NaN,and,O,,
NaN,can,O,,
NaN,cause,O,,
NaN,drowsiness,O,,
NaN,,,O,
NaN,dizziness,O,,
NaN,,,O,
NaN,rapid,O,,
NaN,heartbeat,O,,
NaN,,,O,
NaN,and,O,,
NaN,headaches,O,,
NaN,,,O,
NaN,with,O,,
NaN,worse,O,,
NaN,symptoms,O,,
NaN,at,O,,
NaN,higher,O,,
NaN,levels,O,,
NaN,of,O,,
NaN,exposure,O,,
NaN,.,O,,
Sentence 13,Weber,O,,
NaN,said,O,,
NaN,Sunday,O,,
NaN,that,O,,
NaN,the,O,,
NaN,company,O,,
NaN,had,O,,
NaN,been,O,,
NaN,concerned,O,,
NaN,about,O,,
NaN,the,O,,
NaN,possibility,O,,
NaN,of,O,,
NaN,benzene,O,,
NaN,fumes,O,,
NaN,escaping,O,,
NaN,one,O,,
NaN,tank,O,,
NaN,damaged,O,,
NaN,in,O,,
NaN,the,O,,
NaN,fire,O,,
NaN,that,O,,
NaN,contained,O,,
NaN,pyrolysis,O,,
NaN,gasoline,O,,
NaN,.,O,,
Sentence 14,Starting,O,,
NaN,Saturday,O,,
NaN,,,O,
NaN,officials,O,,
NaN,were,O,,
NaN,pumping,O,,
NaN,the,O,,
NaN,flammable,O,,
NaN,gas,O,,
NaN,out,O,,
NaN,of,O,,
NaN,the,O,,
NaN,tank,O,,
NaN,to,O,,
NaN,reduce,O,,
NaN,that,O,,
NaN,risk,O,,
NaN,.,O,,
Sentence 15,That,O,,
NaN,container,O,,
NaN,has,O,,
NaN,been,O,,
NaN,secured,O,,
NaN,and,O,,
NaN,air,O,,
NaN,monitoring,O,,
NaN,continues,O,,
NaN,,,O,
NaN,Weber,O,,
NaN,said.\“We,O,,
NaN,are,O,,
NaN,in,O,,
NaN,a,O,,
NaN,safe,O,,
NaN,place,O,,
NaN,as,O,,
NaN,far,O,,
NaN,as,O,,
NaN,protecting,O,,
NaN,our,O,,
NaN,responders,O,,
NaN,and,O,,
NaN,protecting,O,,
NaN,the,O,,
NaN,community,\,O,
Sentence 16,”,O,,
NaN,Weber,O,,
NaN,told,O,,
NaN,a,O,,
NaN,news,O,,
NaN,conference,O,,
NaN,Sunday,O,,
NaN,morning,O,,
NaN,.,O,,
Sentence 17,He,O,,
NaN,did,O,,
NaN,n’t,O,,
NaN,elaborate,O,,
NaN,.,O,,
Sentence 18,Company,O,,
NaN,officials,O,,
NaN,say,O,,
NaN,no,O,,
NaN,pyrolysis,O,,
NaN,gas,O,,
NaN,leaked,O,,
NaN,from,O,,
NaN,the,O,,
NaN,tank,O,,
NaN,into,O,,
NaN,the,O,,
NaN,water,O,,
NaN,.,O,,
Sentence 19,A,O,,
NaN,statement,O,,
NaN,Sunday,O,,
NaN,from,O,,
NaN,Harris,O,,
NaN,County,O,,
NaN,Public,O,,
NaN,Health,O,,
NaN,said,O,,
NaN,there,O,,
NaN,continues,O,,
NaN,to,O,,
NaN,be,O,,
NaN,a,O,,
NaN,low,O,,
NaN,health,O,,
NaN,risk,O,,
NaN,to,O,,
NaN,the,O,,
NaN,general,O,,
NaN,public,O,,
NaN,.,O,,
Sentence 20,Some,O,,
NaN,tanks,O,,
NaN,were,O,,
NaN,significantly,O,,
NaN,damaged,O,,
NaN,while,O,,
NaN,others,O,,
NaN,have,O,,
NaN,very,O,,
NaN,little,O,,
NaN,product,O,,
NaN,left,O,,
NaN,in,O,,
NaN,them,O,,
NaN,,,O,
NaN,Weber,O,,
NaN,said,O,,
NaN,.,O,,
Sentence 21,Crews,O,,
NaN,will,O,,
NaN,be,O,,
NaN,going,O,,
NaN,through,O,,
NaN,each,O,,
NaN,tank,O,,
NaN,to,O,,
NaN,remove,O,,
NaN,any,O,,
NaN,leftover,O,,
NaN,product,O,,
NaN,.,O,,
Sentence 22,Oil,O,,
NaN,products,O,,
NaN,could,O,,
NaN,be,O,,
NaN,seen,O,,
NaN,along,O,,
NaN,a,O,,
NaN,2-mile,O,,
NaN,(,O,,
NaN,3-kilometer,O,,
NaN,),O,,
NaN,stretch,O,,
NaN,of,O,,
NaN,the,O,,
NaN,waterway,O,,
NaN,,,O,
NaN,according,O,,
NaN,to,O,,
NaN,Lt,O,,
NaN,.,O,,
NaN,Cmdr,O,,
NaN,.,O,,
Sentence 23,Jarod,O,,
NaN,Toczko,O,,
NaN,,,O,
NaN,another,O,,
NaN,Coast,O,,
NaN,Guard,O,,
NaN,spokesman,O,,
NaN,.,O,,
Sentence 24,Most,O,,
NaN,of,O,,
NaN,the,O,,
NaN,product,O,,
NaN,reached,O,,
NaN,a,O,,
NaN,bayou,O,,
NaN,but,O,,
NaN,oil,O,,
NaN,booms,O,,
NaN,were,O,,
NaN,helping,O,,
NaN,to,O,,
NaN,protect,O,,
NaN,the,O,,
NaN,area.\“The,O,,
NaN,majority,O,,
NaN,of,O,,
NaN,the,O,,
NaN,product,O,,
NaN,is,O,,
NaN,contained,O,,
NaN,with,O,,
NaN,booms,\,O,
NaN,”,O,,
NaN,Toczko,O,,
NaN,said,O,,
NaN,.,O,,
Sentence 25,About,O,,
NaN,60,B-quant,O,
NaN,gallons,I-quant,,
NaN,of,O,,
NaN,oil,B-chem,,
NaN,product,O,,
NaN,had,O,,
NaN,been,O,,
NaN,recovered,O,,
NaN,from,O,,
NaN,the,O,,
NaN,water,O,,
NaN,by,O,,
NaN,Sunday,O,,
NaN,,,O,
NaN,he,O,,
NaN,said,O,,
NaN,.,O,,
Sentence 26,Texas,O,,
NaN,Attorney,O,,
NaN,General,O,,
NaN,Ken,O,,
NaN,Paxton,O,,
NaN,said,O,,
NaN,Friday,O,,
NaN,that,O,,
NaN,ITC,O,,
NaN,has,O,,
NaN,a,O,,
NaN,history,O,,
NaN,of,O,,
NaN,environmental,O,,
NaN,violations,O,,
NaN,and,O,,
NaN,filed,O,,
NaN,a,O,,
NaN,lawsuit,O,,
NaN,against,O,,
NaN,the,O,,
NaN,company,O,,
NaN,,,O,
NaN,vowing,O,,
NaN,to,O,,
NaN,hold,O,,
NaN,it,O,,
NaN,\“accountable,O,,
NaN,for,O,,
NaN,the,O,,
NaN,damage,O,,
NaN,it,O,,
NaN,has,O,,
NaN,done,O,,
NaN,to,O,,
NaN,our,O,,
NaN,environment.\,O,,
NaN,”,O,,
Sentence 1,TRENTON,O,,
NaN,,,O,
NaN,N.J.,O,,
NaN,(,O,,
NaN,AP,O,,
NaN,),O,,
Sentence 2,New,O,,
NaN,Jersey,O,,
NaN,is,O,,
NaN,ordering,O,,
NaN,five,O,,
NaN,companies,O,,
NaN,that,O,,
NaN,manufacture,O,,
NaN,chemicals,O,,
NaN,used,O,,
NaN,to,O,,
NaN,stain,O,,
NaN,-,O,,
NaN,proof,O,,
NaN,clothing,O,,
NaN,and,O,,
NaN,produce,O,,
NaN,non,O,,
NaN,-,O,,
NaN,stick,O,,
NaN,cookware,O,,
NaN,to,O,,
NaN,spend,O,,
NaN,what,O,,
NaN,could,O,,
NaN,be,O,,
NaN,hundreds,O,,
NaN,of,O,,
NaN,millions,O,,
NaN,of,O,,
NaN,dollars,O,,
NaN,to,O,,
NaN,clean,O,,
NaN,up,O,,
NaN,contamination,O,,
NaN,from,O,,
NaN,the,O,,
NaN,substances,O,,
NaN,.,O,,
Sentence 3,The,O,,
NaN,state,O,,
NaN,Department,O,,
NaN,of,O,,
NaN,Environmental,O,,
NaN,Protection,O,,
NaN,Mo,O,,
NaN,ordered,O,,
NaN,the,O,,
NaN,manufacturers,O,,
NaN,Monday,O,,
NaN,to,O,,
NaN,provide,O,,
NaN,a,O,,
NaN,detailed,O,,
NaN,account,O,,
NaN,of,O,,
NaN,their,O,,
NaN,use,O,,
NaN,and,O,,
NaN,discharge,O,,
NaN,of,O,,
NaN,so,O,,
NaN,-,O,,
NaN,called,O,,
NaN,PFAS,B-chem,,
NaN,substances,I-chem,,
NaN,over,O,,
NaN,the,O,,
NaN,years,O,,
NaN,.,O,,
Sentence 4,The,O,,
NaN,firms,O,,
NaN,\,O,,
Sentence 5,”,O,,
NaN,Solvay,O,,
NaN,,,O,
NaN,DuPont,O,,
NaN,,,O,
NaN,Dow,O,,
NaN,DuPont,O,,
NaN,,,O,
NaN,Chemours,O,,
NaN,and,O,,
NaN,3,O,,
NaN,M,O,,
NaN,\,O,,
NaN,”,O,,
NaN,also,O,,
NaN,must,O,,
NaN,pay,O,,
NaN,to,O,,
NaN,clean,O,,
NaN,up,O,,
NaN,any,O,,
NaN,contamination,O,,
NaN,they,O,,
NaN,caused,O,,
NaN,.,O,,
Sentence 6,If,O,,
NaN,they,O,,
NaN,refuse,O,,
NaN,or,O,,
NaN,drag,O,,
NaN,their,O,,
NaN,feet,O,,
NaN,,,O,
NaN,they,O,,
NaN,could,O,,
NaN,be,O,,
NaN,charged,O,,
NaN,three,O,,
NaN,times,O,,
NaN,the,O,,
NaN,amount,O,,
NaN,of,O,,
NaN,money,O,,
NaN,the,O,,
NaN,state,O,,
NaN,spends,O,,
NaN,to,O,,
NaN,deal,O,,
NaN,with,O,,
NaN,the,O,,
NaN,problem,O,,
NaN,.,O,,
Sentence 7,The,O,,
NaN,substances,O,,
NaN,are,O,,
NaN,sometimes,O,,
NaN,called,O,,
NaN,\“forever,O,,
NaN,chemicals\,O,,
NaN,”,O,,
NaN,because,O,,
NaN,they,O,,
NaN,do,O,,
NaN,not,O,,
NaN,break,O,,
NaN,down,O,,
NaN,,,O,
NaN,and,O,,
NaN,tend,O,,
NaN,to,O,,
NaN,accumulate,O,,
NaN,in,O,,
NaN,the,O,,
NaN,air,O,,
NaN,,,O,
NaN,water,O,,
NaN,,,O,
NaN,soil,O,,
NaN,and,O,,
NaN,even,O,,
NaN,fish,O,,
NaN,.,O,,
Sentence 8,They,O,,
NaN,can,O,,
NaN,harm,O,,
NaN,fetuses,O,,
NaN,and,O,,
NaN,newborns,O,,
NaN,,,O,
NaN,and,O,,
NaN,have,O,,
NaN,been,O,,
NaN,associated,O,,
NaN,with,O,,
NaN,kidney,O,,
NaN,and,O,,
NaN,testicular,O,,
NaN,cancer,O,,
NaN,,,O,
NaN,auto,O,,
NaN,-,O,,
NaN,immune,O,,
NaN,illnesses,O,,
NaN,and,O,,
NaN,decreased,O,,
NaN,response,O,,
NaN,to,O,,
NaN,vaccines,O,,
NaN,,,O,
NaN,according,O,,
NaN,to,O,,
NaN,the,O,,
NaN,state,O,,
NaN,.,O,,
Sentence 9,They,O,,
NaN,have,O,,
NaN,been,O,,
NaN,used,O,,
NaN,for,O,,
NaN,more,O,,
NaN,than,O,,
NaN,60,O,,
NaN,years,O,,
NaN,and,O,,
NaN,have,O,,
NaN,become,O,,
NaN,staples,O,,
NaN,of,O,,
NaN,modern,O,,
NaN,life,O,,
NaN,for,O,,
NaN,consumers,O,,
NaN,who,O,,
NaN,want,O,,
NaN,to,O,,
NaN,protect,O,,
NaN,their,O,,
NaN,clothing,O,,
NaN,from,O,,
NaN,stains,O,,
NaN,or,O,,
NaN,water,O,,
NaN,,,O,
NaN,and,O,,
NaN,prevent,O,,
NaN,food,O,,
NaN,from,O,,
NaN,sticking,O,,
NaN,to,O,,
NaN,cookware,O,,
NaN,.,O,,
Sentence 10,They,O,,
NaN,have,O,,
NaN,been,O,,
NaN,used,O,,
NaN,in,O,,
NaN,brands,O,,
NaN,such,O,,
NaN,as,O,,
NaN,Stainmaster,O,,
NaN,,,O,
NaN,Scotchgard,O,,
NaN,,,O,
NaN,Teflon,O,,
NaN,,,O,
NaN,Gore,O,,
NaN,-,O,,
NaN,Tex,O,,
NaN,,,O,
NaN,and,O,,
NaN,Tyvek,O,,
NaN,,,O,
NaN,according,O,,
NaN,to,O,,
NaN,the,O,,
NaN,state,O,,
NaN,Department,O,,
NaN,of,O,,
NaN,Environmental,O,,
NaN,Protection.\“In,O,,
NaN,issuing,O,,
NaN,this,O,,
NaN,directive,O,,
NaN,,,O,
NaN,we,O,,
NaN,are,O,,
NaN,putting,O,,
NaN,these,O,,
NaN,five,O,,
NaN,companies,O,,
NaN,on,O,,
NaN,notice,O,,
NaN,that,O,,
NaN,many,O,,
NaN,years,O,,
NaN,of,O,,
NaN,contaminating,O,,
NaN,New,O,,
NaN,Jersey,O,,
NaN,’s,O,,
NaN,precious,O,,
NaN,drinking,O,,
NaN,water,O,,
NaN,and,O,,
NaN,other,O,,
NaN,natural,O,,
NaN,resources,O,,
NaN,will,O,,
NaN,not,O,,
NaN,go,O,,
NaN,unchecked,\,O,
NaN,”,O,,
Sentence 11,said,O,,
NaN,Catherine,O,,
NaN,McCabe,O,,
NaN,,,O,
NaN,New,O,,
NaN,Jersey,O,,
NaN,’s,O,,
NaN,environmental,O,,
NaN,protection,O,,
NaN,commissioner,O,,
NaN,.,O,,
Sentence 12,\“On,O,,
NaN,behalf,O,,
NaN,of,O,,
NaN,all,O,,
NaN,New,O,,
NaN,Jerseyans,O,,
NaN,,,O,
NaN,we,O,,
NaN,will,O,,
NaN,hold,O,,
NaN,these,O,,
NaN,companies,O,,
NaN,accountable,O,,
NaN,and,O,,
NaN,insist,O,,
NaN,that,O,,
NaN,they,O,,
NaN,step,O,,
NaN,up,O,,
NaN,to,O,,
NaN,address,O,,
NaN,the,O,,
NaN,problem,O,,
NaN,they,O,,
NaN,have,O,,
NaN,created.\”Chemours,O,,
NaN,issued,O,,
NaN,a,O,,
NaN,statement,O,,
NaN,saying,O,,
NaN,it,O,,
NaN,is,O,,
NaN,in,O,,
NaN,regular,O,,
NaN,contact,O,,
NaN,with,O,,
NaN,the,O,,
NaN,state,O,,
NaN,regarding,O,,
NaN,such,O,,
NaN,substances,O,,
NaN,and,O,,
NaN,had,O,,
NaN,already,O,,
NaN,decided,O,,
NaN,to,O,,
NaN,reduce,O,,
NaN,air,O,,
NaN,and,O,,
NaN,water,O,,
NaN,emissions,O,,
NaN,of,O,,
NaN,such,O,,
NaN,substances,O,,
NaN,by,O,,
NaN,at,O,,
NaN,least,O,,
NaN,99,O,,
NaN,percent,O,,
NaN,.,O,,
Sentence 13,Solvay,O,,
NaN,said,O,,
NaN,it,O,,
NaN,has,O,,
NaN,already,O,,
NaN,begun,O,,
NaN,remediation,O,,
NaN,efforts,O,,
NaN,at,O,,
NaN,its,O,,
NaN,West,O,,
NaN,Deptford,O,,
NaN,,,O,
NaN,New,O,,
NaN,Jersey,O,,
NaN,facility,O,,
NaN,,,O,
NaN,where,O,,
NaN,such,O,,
NaN,compounds,O,,
NaN,are,O,,
NaN,present,O,,
NaN,.,O,,
Sentence 14,The,O,,
NaN,other,O,,
NaN,companies,O,,
NaN,did,O,,
NaN,not,O,,
NaN,respond,O,,
NaN,to,O,,
NaN,requests,O,,
NaN,for,O,,
NaN,comment,O,,
NaN,.,O,,
Sentence 15,McCabe,O,,
NaN,said,O,,
NaN,the,O,,
NaN,substances,O,,
NaN,are,O,,
NaN,discovered,O,,
NaN,on,O,,
NaN,a,O,,
NaN,near,O,,
NaN,-,O,,
NaN,daily,O,,
NaN,basis,O,,
NaN,in,O,,
NaN,New,O,,
NaN,Jersey,O,,
NaN,’s,O,,
NaN,drinking,O,,
NaN,water,O,,
NaN,,,O,
NaN,groundwater,O,,
NaN,,,O,
NaN,surface,O,,
NaN,waters,O,,
NaN,,,O,
NaN,sediments,O,,
NaN,,,O,
NaN,soils,O,,
NaN,,,O,
NaN,air,O,,
NaN,,,O,
NaN,fish,O,,
NaN,,,O,
NaN,plants,O,,
NaN,and,O,,
NaN,other,O,,
NaN,natural,O,,
NaN,resources,O,,
NaN,.,O,,
Sentence 16,Similar,O,,
NaN,contamination,O,,
NaN,has,O,,
NaN,occurred,O,,
NaN,throughout,O,,
NaN,the,O,,
NaN,country,O,,
NaN,.,O,,
Sentence 17,The,O,,
NaN,U.S.,O,,
NaN,Environmental,O,,
NaN,Protection,O,,
NaN,Agency,O,,
NaN,announced,O,,
NaN,a,O,,
NaN,plan,O,,
NaN,to,O,,
NaN,address,O,,
NaN,PFAS,B-chem,,
NaN,contamination,O,,
NaN,nationally,O,,
NaN,,,O,
NaN,but,O,,
NaN,that,O,,
NaN,plan,O,,
NaN,could,O,,
NaN,take,O,,
NaN,years,O,,
NaN,.,O,,
Sentence 18,The,O,,
NaN,companies,O,,
NaN,have,O,,
NaN,21,O,,
NaN,days,O,,
NaN,to,O,,
NaN,say,O,,
NaN,whether,O,,
NaN,they,O,,
NaN,intend,O,,
NaN,to,O,,
NaN,comply,O,,
NaN,with,O,,
NaN,the,O,,
NaN,directive,O,,
NaN,,,O,
NaN,which,O,,
NaN,the,O,,
NaN,state,O,,
NaN,says,O,,
NaN,is,O,,
NaN,authorized,O,,
NaN,by,O,,
NaN,New,O,,
NaN,Jersey,O,,
NaN,’s,O,,
NaN,Spill,O,,
NaN,Compensation,O,,
NaN,and,O,,
NaN,Control,O,,
NaN,Act,O,,
NaN,,,O,
NaN,Water,O,,
NaN,Pollution,O,,
NaN,Control,O,,
NaN,Act,O,,
NaN,,,O,
NaN,and,O,,
Sentence 19,Air,O,,
NaN,Pollution,O,,
NaN,Control,O,,
NaN,Act.\“This,O,,
NaN,is,O,,
NaN,critical,O,,
NaN,that,O,,
NaN,DEP,O,,
NaN,is,O,,
NaN,going,O,,
NaN,after,O,,
NaN,these,O,,
NaN,companies,O,,
NaN,to,O,,
NaN,make,O,,
NaN,them,O,,
NaN,clean,O,,
NaN,up,O,,
NaN,their,O,,
NaN,mess,O,,
Sentence 20,they,O,,
NaN,made,\,O,
NaN,”,O,,
NaN,said,O,,
NaN,Jeff,O,,
NaN,Tittel,O,,
NaN,,,O,
NaN,director,O,,
NaN,of,O,,
NaN,the,O,,
NaN,New,O,,
NaN,Jersey,O,,
NaN,Sierra,O,,
NaN,Club,O,,
NaN,.,O,,
Sentence 21,He,O,,
NaN,said,O,,
NaN,the,O,,
NaN,state,O,,
NaN,’s,O,,
NaN,limits,O,,
NaN,for,O,,
NaN,these,O,,
NaN,substances,O,,
NaN,in,O,,
NaN,drinking,O,,
NaN,water,O,,
NaN,will,O,,
NaN,be,O,,
NaN,the,O,,
NaN,strongest,O,,
NaN,in,O,,
NaN,the,O,,
NaN,nation,O,,
NaN,.,O,,
Sentence 22,The,O,,
NaN,department,O,,
NaN,would,O,,
NaN,decide,O,,
NaN,whether,O,,
NaN,any,O,,
NaN,plan,O,,
NaN,proposed,O,,
NaN,by,O,,
NaN,the,O,,
NaN,companies,O,,
NaN,is,O,,
NaN,sufficient,O,,
NaN,,,O,
NaN,McCabe,O,,
NaN,said,O,,
NaN,.,O,,
Sentence 23,She,O,,
NaN,recommended,O,,
NaN,consumers,O,,
NaN,avoid,O,,
NaN,products,O,,
NaN,that,O,,
NaN,use,O,,
NaN,these,O,,
NaN,substances,O,,
NaN,but,O,,
NaN,acknowledged,O,,
NaN,it,O,,
NaN,is,O,,
NaN,often,O,,
NaN,hard,O,,
NaN,to,O,,
NaN,know,O,,
NaN,whether,O,,
NaN,they,O,,
NaN,are,O,,
NaN,present,O,,
NaN,in,O,,
NaN,a,O,,
NaN,particular,O,,
NaN,item,O,,
NaN,of,O,,
NaN,clothing,O,,
NaN,or,O,,
NaN,kitchenware.\“It,O,,
Sentence 24,seems,O,,
NaN,like,O,,
NaN,we,O,,
NaN,keep,O,,
NaN,doing,O,,
NaN,this,O,,
NaN,to,O,,
NaN,ourselves,O,,
NaN,:,O,,
NaN,inventing,O,,
NaN,these,O,,
NaN,fabulous,O,,
NaN,new,O,,
NaN,things,O,,
NaN,-,O,,
NaN,remember,O,,
NaN,DDT,O,,
NaN,?,O,,
Sentence 25,and,O,,
NaN,putting,O,,
NaN,them,O,,
NaN,into,O,,
NaN,commerce,O,,
NaN,without,O,,
NaN,looking,O,,
NaN,enough,O,,
NaN,at,O,,
NaN,the,O,,
NaN,risks,\,O,
NaN,”,O,,
Sentence 26,McCabe,O,,
NaN,said,O,,
NaN,.,O,,
Sentence 1,MARION,O,,
NaN,TWP,O,,
NaN,.,O,,
Sentence 2,—,O,,
NaN,Environmental,O,,
NaN,regulators,O,,
NaN,found,O,,
NaN,barrels,O,,
NaN,scattered,O,,
NaN,across,O,,
NaN,land,O,,
NaN,in,O,,
NaN,Michigan,O,,
NaN,’s,O,,
NaN,Thumb,O,,
NaN,region,O,,
NaN,that,O,,
NaN,’s,O,,
NaN,owned,O,,
NaN,by,O,,
NaN,the,O,,
NaN,now,O,,
NaN,-,O,,
NaN,imprisoned,O,,
NaN,owner,O,,
NaN,of,O,,
NaN,a,O,,
NaN,shuttered,O,,
NaN,electroplating,O,,
NaN,business,O,,
NaN,that,O,,
NaN,leaked,O,,
NaN,a,O,,
NaN,green,O,,
NaN,substance,O,,
NaN,containing,O,,
NaN,a,O,,
NaN,known,O,,
NaN,cancer,O,,
NaN,-,O,,
NaN,causing,O,,
NaN,contaminant,O,,
NaN,onto,O,,
NaN,the,O,,
NaN,shoulder,O,,
NaN,of,O,,
NaN,a,O,,
NaN,suburban,O,,
NaN,Detroit,O,,
NaN,freeway,O,,
NaN,last,O,,
NaN,month,O,,
NaN,.,O,,
Sentence 3,Employees,O,,
NaN,with,O,,
NaN,the,O,,
NaN,Michigan,O,,
NaN,Department,O,,
NaN,of,O,,
NaN,Environment,O,,
NaN,,,O,
NaN,Great,O,,
NaN,Lakes,O,,
NaN,and,O,,
NaN,Energy,O,,
NaN,found,O,,
NaN,on,O,,
NaN,Tuesday,O,,
NaN,55-gallon,O,,
NaN,barrels,O,,
NaN,,,O,
NaN,including,O,,
NaN,one,O,,
NaN,labeled,O,,
NaN,for,O,,
NaN,the,O,,
NaN,toxic,O,,
NaN,chemical,O,,
NaN,trichloroethylene,B-chem,,
NaN,,,O,
NaN,at,O,,
NaN,property,O,,
NaN,owned,O,,
NaN,by,O,,
NaN,Gary,O,,
NaN,Sayers,O,,
NaN,in,O,,
NaN,Sanilac,O,,
NaN,County,O,,
NaN,’s,O,,
NaN,Marion,O,,
NaN,Township,O,,
NaN,.,O,,
Sentence 4,Results,O,,
NaN,of,O,,
NaN,soil,O,,
NaN,and,O,,
NaN,water,O,,
NaN,samples,O,,
NaN,the,O,,
NaN,agency,O,,
NaN,collected,O,,
NaN,at,O,,
NaN,that,O,,
NaN,site,O,,
NaN,are,O,,
NaN,now,O,,
NaN,being,O,,
NaN,tested,O,,
NaN,for,O,,
NaN,the,O,,
NaN,potential,O,,
NaN,presence,O,,
NaN,of,O,,
NaN,a,O,,
NaN,variety,O,,
NaN,of,O,,
NaN,industry,O,,
NaN,-,O,,
NaN,related,O,,
NaN,contaminants,O,,
NaN,,,O,
NaN,EGLE,O,,
NaN,spokeswoman,O,,
NaN,Jill,O,,
NaN,Greenberg,O,,
NaN,said,O,,
NaN,.,O,,
Sentence 5,The,O,,
NaN,testing,O,,
NaN,could,O,,
NaN,take,O,,
NaN,at,O,,
NaN,least,O,,
NaN,a,O,,
NaN,week,O,,
NaN,to,O,,
NaN,be,O,,
NaN,completed,O,,
NaN,,,O,
NaN,she,O,,
NaN,said,O,,
NaN,.,O,,
Sentence 6,Marion,O,,
NaN,Township,O,,
NaN,trustee,O,,
NaN,Jon,O,,
NaN,Block,O,,
NaN,said,O,,
NaN,at,O,,
NaN,a,O,,
NaN,township,O,,
NaN,board,O,,
NaN,meeting,O,,
NaN,Tuesday,O,,
NaN,EGLE,O,,
NaN,staff,O,,
NaN,has,O,,
NaN,indicated,O,,
NaN,the,O,,
NaN,barrels,O,,
NaN,were,O,,
NaN,found,O,,
NaN,empty,O,,
NaN,and,O,,
NaN,had,O,,
NaN,been,O,,
NaN,for,O,,
NaN,\“quite,O,,
NaN,some,O,,
NaN,time,\,O,
NaN,”,O,,
Sentence 7,the,O,,
NaN,Detroit,O,,
NaN,Free,O,,
NaN,Press,O,,
NaN,reported,O,,
NaN,Thursday.\“Any,O,,
NaN,resident,O,,
NaN,anywhere,O,,
NaN,near,O,,
NaN,that,O,,
NaN,property,O,,
NaN,would,O,,
NaN,be,O,,
NaN,on,O,,
NaN,a,O,,
NaN,private,O,,
NaN,well,\,O,
NaN,”,O,,
Sentence 8,Block,O,,
NaN,said,O,,
NaN,.,O,,
Sentence 9,\“There,O,,
NaN,was,O,,
NaN,discussion,O,,
NaN,that,O,,
NaN,the,O,,
NaN,county,O,,
NaN,could,O,,
NaN,probably,O,,
NaN,help,O,,
NaN,in,O,,
NaN,making,O,,
NaN,sure,O,,
NaN,those,O,,
NaN,wells,O,,
NaN,get,O,,
NaN,tested,O,,
NaN,immediately,O,,
NaN,,,O,
NaN,while,O,,
NaN,we,O,,
NaN,’re,O,,
NaN,awaiting,O,,
NaN,results,O,,
NaN,on,O,,
NaN,whether,O,,
NaN,or,O,,
NaN,not,O,,
NaN,there,O,,
NaN,is,O,,
NaN,contamination.\”Sayers,O,,
NaN,owns,O,,
NaN,Electro,O,,
NaN,-,O,,
NaN,Plating,O,,
NaN,Services,O,,
NaN,Inc.,O,,
NaN,,,O,
NaN,a,O,,
NaN,now,O,,
NaN,-,O,,
NaN,closed,O,,
NaN,chrome,O,,
NaN,-,O,,
NaN,plating,O,,
NaN,company,O,,
NaN,in,O,,
NaN,suburban,O,,
NaN,Detroit,O,,
NaN,blamed,O,,
NaN,for,O,,
NaN,a,O,,
NaN,green,O,,
NaN,,,O,
NaN,hexavalent,B-chem,,
NaN,chromium,I-chem,,
NaN,-,O,,
NaN,laden,O,,
NaN,goo,O,,
NaN,seeping,O,,
NaN,onto,O,,
NaN,the,O,,
NaN,I-696,O,,
NaN,freeway,O,,
NaN,late,O,,
NaN,last,O,,
NaN,month,O,,
NaN,.,O,,
Sentence 10,An,O,,
NaN,inspection,O,,
NaN,found,O,,
NaN,high,O,,
NaN,levels,O,,
NaN,of,O,,
NaN,multiple,O,,
NaN,contaminants,O,,
NaN,in,O,,
NaN,soil,O,,
NaN,and,O,,
NaN,groundwater,O,,
NaN,at,O,,
NaN,the,O,,
NaN,old,O,,
NaN,industrial,O,,
NaN,site,O,,
NaN,located,O,,
NaN,in,O,,
NaN,Madison,O,,
NaN,Heights,O,,
NaN,,,O,
NaN,according,O,,
NaN,to,O,,
NaN,state,O,,
NaN,regulators,O,,
NaN,.,O,,
Sentence 11,Hexavalent,B-chem,,
NaN,chromium,I-chem,,
NaN,is,O,,
NaN,associated,O,,
NaN,with,O,,
NaN,cancer,O,,
NaN,,,O,
NaN,kidney,O,,
NaN,and,O,,
NaN,liver,O,,
NaN,damage,O,,
NaN,,,O,
NaN,among,O,,
NaN,other,O,,
NaN,health,O,,
NaN,effects,O,,
NaN,.,O,,
Sentence 12,Sayers,O,,
NaN,pleaded,O,,
NaN,guilty,O,,
NaN,to,O,,
NaN,illegal,O,,
NaN,storage,O,,
NaN,of,O,,
NaN,hazardous,O,,
NaN,waste,O,,
NaN,last,O,,
NaN,February,O,,
NaN,and,O,,
NaN,was,O,,
NaN,sentenced,O,,
NaN,to,O,,
NaN,a,O,,
NaN,year,O,,
NaN,in,O,,
NaN,federal,O,,
NaN,prison,O,,
NaN,.,O,,
Sentence 13,Cleanup,O,,
NaN,efforts,O,,
NaN,are,O,,
NaN,continuing,O,,
NaN,in,O,,
NaN,Madison,O,,
NaN,Heights,O,,
NaN,,,O,
NaN,leaving,O,,
NaN,an,O,,
NaN,eastbound,O,,
NaN,lane,O,,
NaN,on,O,,
NaN,I-696,O,,
NaN,closed,O,,
NaN,.,O,,
Sentence 14,More,O,,
NaN,than,O,,
NaN,11,B-quant,O,
NaN,gallons,I-quant,,
NaN,of,O,,
NaN,contaminants,O,,
NaN,have,O,,
NaN,been,O,,
NaN,removed,O,,
NaN,so,O,,
NaN,far,O,,
NaN,,,O,
NaN,Greenberg,O,,
NaN,said.\“It,O,,
NaN,’s,O,,
Sentence 15,working,O,,
Sentence 16,—,O,,
NaN,we,O,,
NaN,’re,O,,
NaN,getting,O,,
NaN,it,O,,
NaN,out,\,O,
NaN,”,O,,
Sentence 17,she,O,,
NaN,said,O,,
NaN,.,O,,
Sentence 18,\“Our,O,,
NaN,next,O,,
NaN,step,O,,
NaN,is,O,,
NaN,to,O,,
NaN,determine,O,,
NaN,where,O,,
NaN,the,O,,
NaN,contaminant,O,,
NaN,has,O,,
NaN,migrated,O,,
NaN,to,O,,
NaN,.,O,,
Sentence 19,Is,O,,
NaN,it,O,,
NaN,moving,O,,
NaN,?,O,,
Sentence 20,Has,O,,
NaN,it,O,,
NaN,stopped,O,,
NaN,?,O,,
Sentence 21,And,O,,
NaN,what,O,,
NaN,contaminants,O,,
NaN,are,O,,
NaN,in,O,,
NaN,the,O,,
NaN,ground.\,O,,
NaN,”,O,,
Sentence 1,The,O,,
NaN,Coast,O,,
NaN,Guard,O,,
NaN,,,O,
NaN,in,O,,
NaN,coordination,O,,
NaN,with,O,,
NaN,local,O,,
NaN,,,O,
NaN,state,O,,
NaN,and,O,,
NaN,federal,O,,
NaN,partners,O,,
NaN,,,O,
NaN,is,O,,
NaN,working,O,,
NaN,with,O,,
NaN,the,O,,
NaN,American,O,,
NaN,Transmission,O,,
NaN,Company,O,,
NaN,to,O,,
NaN,respond,O,,
NaN,to,O,,
NaN,a,O,,
NaN,leak,O,,
NaN,from,O,,
NaN,a,O,,
NaN,utility,O,,
NaN,line,O,,
NaN,in,O,,
NaN,the,O,,
NaN,Straits,O,,
NaN,of,O,,
NaN,Mackinac,O,,
NaN,,,O,
NaN,approximately,O,,
NaN,two,O,,
NaN,miles,O,,
NaN,west,O,,
NaN,of,O,,
NaN,the,O,,
NaN,Mackinac,O,,
NaN,Bridge,O,,
NaN,.,O,,
Sentence 2,On,O,,
NaN,Monday,O,,
NaN,,,O,
NaN,the,O,,
NaN,Coast,O,,
NaN,Guard,O,,
NaN,received,O,,
NaN,notification,O,,
NaN,that,O,,
NaN,an,O,,
NaN,electrical,O,,
NaN,line,O,,
NaN,cased,O,,
NaN,with,O,,
NaN,mineral,O,,
NaN,oil,O,,
NaN,might,O,,
NaN,be,O,,
NaN,leaking,O,,
NaN,into,O,,
NaN,the,O,,
NaN,Straits,O,,
NaN,of,O,,
NaN,Mackinac,O,,
NaN,.,O,,
Sentence 3,Upon,O,,
NaN,notification,O,,
NaN,,,O,
NaN,Coast,O,,
NaN,Guard,O,,
NaN,crews,O,,
NaN,traveled,O,,
NaN,to,O,,
NaN,the,O,,
NaN,area,O,,
NaN,to,O,,
NaN,investigate,O,,
NaN,,,O,
NaN,and,O,,
NaN,a,O,,
NaN,Coast,O,,
NaN,Guard,O,,
NaN,helicopter,O,,
NaN,crew,O,,
NaN,conducted,O,,
NaN,an,O,,
NaN,overflight,O,,
NaN,but,O,,
NaN,neither,O,,
NaN,detected,O,,
NaN,an,O,,
NaN,oil,O,,
NaN,sheen,O,,
NaN,.,O,,
Sentence 4,The,O,,
NaN,utility,O,,
NaN,line,O,,
NaN,’s,O,,
NaN,owner,O,,
NaN,,,O,
NaN,the,O,,
NaN,American,O,,
NaN,Transmission,O,,
NaN,Company,O,,
NaN,,,O,
NaN,determined,O,,
NaN,that,O,,
NaN,there,O,,
NaN,is,O,,
NaN,a,O,,
NaN,leak,O,,
NaN,in,O,,
NaN,the,O,,
NaN,utility,O,,
NaN,line,O,,
NaN,that,O,,
NaN,crosses,O,,
NaN,the,O,,
NaN,Straits,O,,
NaN,of,O,,
NaN,Mackinac,O,,
NaN,—,O,,
NaN,approximately,O,,
NaN,12,0,O,
NaN,to,O,,
NaN,15,0,O,
NaN,feet,O,,
NaN,off,O,,
NaN,shore,O,,
NaN,.,O,,
Sentence 5,The,O,,
NaN,leaking,O,,
NaN,product,O,,
NaN,is,O,,
NaN,composed,O,,
NaN,predominately,O,,
NaN,of,O,,
NaN,mineral,O,,
NaN,oil,O,,
NaN,which,O,,
NaN,is,O,,
NaN,used,O,,
NaN,to,O,,
NaN,insulate,O,,
NaN,the,O,,
NaN,utility,O,,
NaN,line,O,,
NaN,.,O,,
Sentence 6,American,O,,
NaN,Transmission,O,,
NaN,Company,O,,
NaN,has,O,,
NaN,taken,O,,
NaN,action,O,,
NaN,to,O,,
NaN,control,O,,
NaN,the,O,,
NaN,leak,O,,
NaN,including,O,,
NaN,securing,O,,
NaN,the,O,,
NaN,utility,O,,
NaN,line,O,,
NaN,which,O,,
NaN,is,O,,
NaN,currently,O,,
NaN,inoperable,O,,
NaN,.,O,,
Sentence 7,There,O,,
NaN,is,O,,
NaN,no,O,,
NaN,impact,O,,
NaN,to,O,,
NaN,power,O,,
NaN,supply,O,,
NaN,to,O,,
NaN,the,O,,
NaN,local,O,,
NaN,communities,O,,
NaN,.,O,,
Sentence 8,The,O,,
NaN,cause,O,,
NaN,of,O,,
NaN,the,O,,
NaN,leak,O,,
NaN,is,O,,
NaN,currently,O,,
NaN,under,O,,
NaN,investigation,O,,
NaN,.,O,,
Sentence 9,Coast,O,,
NaN,Guard,O,,
NaN,Sector,O,,
NaN,Sault,O,,
NaN,Sainte,O,,
NaN,Marie,O,,
NaN,personnel,O,,
NaN,are,O,,
NaN,working,O,,
NaN,with,O,,
NaN,the,O,,
NaN,Environmental,O,,
NaN,Protection,O,,
NaN,Agency,O,,
NaN,,,O,
NaN,Michigan,O,,
NaN,Department,O,,
NaN,of,O,,
NaN,Environmental,O,,
NaN,Quality,O,,
NaN,,,O,
NaN,the,O,,
NaN,National,O,,
NaN,Oceanographic,O,,
NaN,and,O,,
NaN,Atmospheric,O,,
NaN,Administration,O,,
NaN,,,O,
NaN,U.S.,O,,
NaN,Fish,O,,
NaN,and,O,,
NaN,Wildlife,O,,
NaN,,,O,
NaN,local,O,,
NaN,tribes,O,,
NaN,,,O,
NaN,and,O,,
NaN,county,O,,
NaN,emergency,O,,
NaN,managers,O,,
NaN,to,O,,
NaN,oversee,O,,
NaN,the,O,,
NaN,pollution,O,,
NaN,response.\“Safety,O,,
NaN,of,O,,
NaN,the,O,,
NaN,public,O,,
NaN,and,O,,
NaN,our,O,,
NaN,responders,O,,
NaN,is,O,,
NaN,our,O,,
NaN,top,O,,
NaN,priority,\,O,
NaN,”,O,,
NaN,said,O,,
NaN,Captain,O,,
NaN,Marko,O,,
NaN,Broz,O,,
NaN,,,O,
NaN,U.S.,O,,
NaN,Coast,O,,
NaN,Guard,O,,
NaN,Federal,O,,
Sentence 10,On,O,,
NaN,Scene,O,,
NaN,Coordinator,O,,
NaN,.,O,,
Sentence 11,\“We,O,,
NaN,are,O,,
NaN,further,O,,
NaN,committed,O,,
NaN,to,O,,
NaN,protecting,O,,
NaN,the,O,,
NaN,environment,O,,
NaN,and,O,,
NaN,ensuring,O,,
NaN,a,O,,
NaN,proactive,O,,
Sentence 12,response.\”\“The,O,,
NaN,DEQ,O,,
NaN,is,O,,
NaN,working,O,,
NaN,closely,O,,
NaN,with,O,,
NaN,the,O,,
NaN,American,O,,
NaN,Transmission,O,,
NaN,Company,O,,
NaN,and,O,,
NaN,federal,O,,
NaN,,,O,
NaN,state,O,,
NaN,,,O,
NaN,local,O,,
NaN,,,O,
NaN,and,O,,
NaN,tribal,O,,
NaN,partners,O,,
NaN,to,O,,
NaN,coordinate,O,,
NaN,an,O,,
NaN,efficient,O,,
NaN,response,O,,
NaN,,,O,
NaN,protect,O,,
NaN,the,O,,
NaN,natural,O,,
NaN,resources,O,,
NaN,of,O,,
NaN,the,O,,
NaN,Great,O,,
NaN,Lakes,O,,
NaN,,,O,
NaN,and,O,,
NaN,ensure,O,,
NaN,public,O,,
NaN,health,O,,
NaN,and,O,,
NaN,safety,\,O,
NaN,”,O,,
NaN,said,O,,
NaN,Scott,O,,
NaN,Schaefer,O,,
NaN,of,O,,
NaN,Michigan,O,,
NaN,DEQ.Coast,O,,
Sentence 13,Guard,O,,
NaN,responders,O,,
NaN,will,O,,
NaN,remain,O,,
NaN,on,O,,
NaN,scene,O,,
NaN,and,O,,
NaN,continue,O,,
NaN,to,O,,
NaN,coordinate,O,,
NaN,with,O,,
NaN,partner,O,,
NaN,agencies,O,,
NaN,and,O,,
NaN,the,O,,
NaN,American,O,,
NaN,Transmission,O,,
NaN,Company,O,,
NaN,in,O,,
NaN,response,O,,
NaN,to,O,,
NaN,the,O,,
NaN,spill,O,,
NaN,.,O,,
Sentence 1,A,O,,
NaN,Unified,O,,
NaN,Command,O,,
NaN,has,O,,
NaN,been,O,,
NaN,established,O,,
NaN,in,O,,
NaN,response,O,,
NaN,to,O,,
NaN,a,O,,
NaN,mineral,O,,
NaN,oil,O,,
NaN,release,O,,
NaN,from,O,,
NaN,a,O,,
NaN,utility,O,,
NaN,line,O,,
NaN,in,O,,
NaN,the,O,,
NaN,Straits,O,,
NaN,of,O,,
NaN,Mackinac,O,,
NaN,,,O,
NaN,Monday,O,,
NaN,.,O,,
Sentence 2,The,O,,
NaN,Coast,O,,
NaN,Guard,O,,
NaN,established,O,,
NaN,the,O,,
NaN,Unified,O,,
NaN,Command,O,,
NaN,comprised,O,,
NaN,of,O,,
NaN,Michigan,O,,
NaN,Department,O,,
NaN,of,O,,
NaN,Environmental,O,,
NaN,Quality,O,,
NaN,,,O,
NaN,county,O,,
NaN,emergency,O,,
NaN,managers,O,,
NaN,,,O,
NaN,local,O,,
NaN,tribes,O,,
NaN,,,O,
NaN,the,O,,
NaN,National,O,,
NaN,Oceanographic,O,,
NaN,and,O,,
NaN,Atmospheric,O,,
NaN,Administration,O,,
NaN,,,O,
NaN,U.S.,O,,
NaN,Fish,O,,
NaN,and,O,,
NaN,Wildlife,O,,
NaN,,,O,
NaN,Environmental,O,,
NaN,Protection,O,,
NaN,Agency,O,,
NaN,,,O,
NaN,and,O,,
NaN,the,O,,
NaN,responsible,O,,
NaN,party,O,,
NaN,to,O,,
NaN,oversee,O,,
NaN,the,O,,
NaN,pollution,O,,
NaN,response,O,,
NaN,and,O,,
NaN,mitigate,O,,
NaN,any,O,,
NaN,risks,O,,
NaN,to,O,,
NaN,the,O,,
NaN,environment,O,,
NaN,.,O,,
Sentence 3,Initial,O,,
NaN,reports,O,,
NaN,from,O,,
NaN,the,O,,
NaN,responsible,O,,
NaN,party,O,,
NaN,indicate,O,,
NaN,that,O,,
NaN,approximately,O,,
NaN,600,B-quant,,
NaN,gallons,I-quant,,
NaN,of,O,,
NaN,product,O,,
NaN,has,O,,
NaN,been,O,,
NaN,released,O,,
NaN,.,O,,
Sentence 4,The,O,,
NaN,maximum,O,,
NaN,potential,O,,
NaN,for,O,,
NaN,the,O,,
NaN,spill,O,,
NaN,is,O,,
NaN,more,O,,
NaN,than,O,,
NaN,4,B-quant,,
NaN,gallons,I-quant,,
NaN,.,O,,
Sentence 5,There,O,,
NaN,have,O,,
NaN,been,O,,
NaN,no,O,,
NaN,reported,O,,
NaN,impacts,O,,
NaN,to,O,,
NaN,wildlife,O,,
NaN,,,O,
NaN,and,O,,
NaN,responders,O,,
NaN,will,O,,
NaN,continue,O,,
NaN,to,O,,
NaN,assess,O,,
NaN,as,O,,
NaN,work,O,,
NaN,progresses,O,,
NaN,.,O,,
Sentence 6,American,O,,
NaN,Transmission,O,,
NaN,Company,O,,
NaN,,,O,
NaN,the,O,,
NaN,responsible,O,,
NaN,party,O,,
NaN,,,O,
NaN,has,O,,
NaN,activated,O,,
NaN,their,O,,
NaN,Oil,O,,
NaN,Spill,O,,
NaN,Response,O,,
NaN,Plan,O,,
NaN,.,O,,
Sentence 7,Currently,O,,
NaN,,,O,
NaN,there,O,,
NaN,is,O,,
NaN,no,O,,
NaN,pressure,O,,
NaN,on,O,,
NaN,the,O,,
NaN,affected,O,,
NaN,lines,O,,
NaN,and,O,,
NaN,the,O,,
NaN,oil,O,,
NaN,is,O,,
NaN,not,O,,
NaN,known,O,,
NaN,to,O,,
NaN,be,O,,
NaN,leaking,O,,
NaN,from,O,,
NaN,the,O,,
NaN,source,O,,
NaN,.,O,,
Sentence 8,ATC,O,,
NaN,will,O,,
NaN,remove,O,,
NaN,the,O,,
NaN,oil,B-chem,,
NaN,from,O,,
NaN,the,O,,
NaN,lines,O,,
NaN,via,O,,
NaN,vacuum,O,,
NaN,as,O,,
NaN,well,O,,
NaN,as,O,,
NaN,conduct,O,,
NaN,overflights,O,,
NaN,to,O,,
NaN,monitor,O,,
NaN,the,O,,
NaN,spill,O,,
NaN,.,O,,
Sentence 9,The,O,,
NaN,product,O,,
NaN,is,O,,
NaN,comprised,O,,
NaN,of,O,,
NaN,mineral,O,,
NaN,oil,O,,
NaN,,,O,
NaN,a,O,,
NaN,thin,O,,
NaN,and,O,,
NaN,light,O,,
NaN,substance,O,,
NaN,.,O,,
Sentence 10,Samples,O,,
NaN,of,O,,
NaN,the,O,,
NaN,product,O,,
NaN,have,O,,
NaN,been,O,,
NaN,sent,O,,
NaN,for,O,,
NaN,laboratory,O,,
NaN,analysis,O,,
NaN,.,O,,
Sentence 11,Given,O,,
NaN,the,O,,
NaN,dilution,O,,
NaN,of,O,,
NaN,the,O,,
NaN,product,O,,
NaN,and,O,,
NaN,mobility,O,,
NaN,of,O,,
NaN,fish,O,,
NaN,,,O,
NaN,there,O,,
NaN,is,O,,
NaN,a,O,,
NaN,low,O,,
NaN,risk,O,,
NaN,to,O,,
NaN,fisheries,O,,
NaN,and,O,,
NaN,wildlife,O,,
NaN,.,O,,
Sentence 12,The,O,,
NaN,greatest,O,,
NaN,threat,O,,
NaN,is,O,,
NaN,to,O,,
NaN,waterfowl,O,,
NaN,or,O,,
NaN,shore,O,,
NaN,birds,O,,
NaN,that,O,,
NaN,may,O,,
NaN,come,O,,
NaN,in,O,,
NaN,contact,O,,
NaN,with,O,,
NaN,the,O,,
NaN,product,O,,
NaN,floating,O,,
NaN,on,O,,
NaN,the,O,,
NaN,surface,O,,
NaN,.,O,,
Sentence 13,Due,O,,
NaN,to,O,,
NaN,the,O,,
NaN,inaccessibility,O,,
NaN,of,O,,
NaN,the,O,,
NaN,shorelines,O,,
NaN,from,O,,
NaN,ice,O,,
NaN,,,O,
NaN,there,O,,
NaN,is,O,,
NaN,a,O,,
NaN,low,O,,
NaN,-,O,,
NaN,risk,O,,
NaN,threat,O,,
NaN,to,O,,
NaN,the,O,,
NaN,public,O,,
NaN,since,O,,
NaN,they,O,,
NaN,are,O,,
NaN,unable,O,,
NaN,to,O,,
NaN,come,O,,
NaN,in,O,,
NaN,contact,O,,
NaN,with,O,,
NaN,the,O,,
NaN,oil,O,,
NaN,.,O,,
Sentence 14,The,O,,
NaN,dilution,O,,
NaN,of,O,,
NaN,the,O,,
NaN,oil,O,,
NaN,and,O,,
NaN,distance,O,,
NaN,from,O,,
NaN,the,O,,
NaN,bridge,O,,
NaN,provide,O,,
NaN,additional,O,,
NaN,protection,O,,
NaN,from,O,,
NaN,the,O,,
NaN,product,O,,
NaN,.,O,,
Sentence 15,There,O,,
NaN,are,O,,
NaN,two,O,,
NaN,water,O,,
NaN,intakes,O,,
NaN,in,O,,
NaN,the,O,,
NaN,general,O,,
NaN,vicinity,O,,
NaN,,,O,
NaN,but,O,,
NaN,given,O,,
NaN,the,O,,
NaN,dilution,O,,
NaN,of,O,,
NaN,the,O,,
NaN,oil,O,,
NaN,and,O,,
NaN,the,O,,
NaN,distance,O,,
NaN,of,O,,
NaN,the,O,,
NaN,intakes,O,,
NaN,from,O,,
NaN,the,O,,
NaN,source,O,,
NaN,of,O,,
NaN,the,O,,
NaN,discharge,O,,
NaN,,,O,
NaN,there,O,,
NaN,is,O,,
NaN,no,O,,
NaN,significant,O,,
NaN,threat,O,,
NaN,to,O,,
NaN,drinking,O,,
NaN,water,O,,
NaN,at,O,,
NaN,this,O,,
NaN,time,O,,
NaN,.,O,,
Sentence 16,Commercial,O,,
NaN,vessel,O,,
NaN,traffic,O,,
NaN,has,O,,
NaN,not,O,,
NaN,been,O,,
NaN,impacted.\“Our,O,,
Sentence 17,top,O,,
NaN,priorities,O,,
NaN,are,O,,
NaN,to,O,,
NaN,protect,O,,
NaN,public,O,,
NaN,health,O,,
NaN,,,O,
NaN,the,O,,
NaN,safety,O,,
NaN,of,O,,
NaN,both,O,,
NaN,responders,O,,
NaN,and,O,,
NaN,communities,O,,
NaN,in,O,,
NaN,this,O,,
NaN,region,O,,
NaN,,,O,
NaN,and,O,,
NaN,limit,O,,
NaN,the,O,,
NaN,environmental,O,,
NaN,impacts,O,,
NaN,as,O,,
NaN,we,O,,
NaN,contain,O,,
NaN,and,O,,
NaN,clean,O,,
NaN,-,O,,
NaN,up,O,,
NaN,the,O,,
NaN,spill,O,,
NaN,as,O,,
NaN,quickly,O,,
NaN,and,O,,
NaN,efficiently,O,,
NaN,as,O,,
NaN,possible,\,O,
NaN,”,O,,
NaN,said,O,,
NaN,Capt,O,,
NaN,.,O,,
Sentence 18,Marko,O,,
NaN,Broz,O,,
NaN,,,O,
NaN,the,O,,
NaN,Federal,O,,
NaN,On,O,,
NaN,-,O,,
NaN,Scene,O,,
NaN,Coordinator,O,,
NaN,for,O,,
NaN,the,O,,
NaN,response,O,,
NaN,.,O,,
Sentence 19,\“We,O,,
NaN,are,O,,
NaN,responding,O,,
NaN,in,O,,
NaN,cooperation,O,,
NaN,with,O,,
NaN,our,O,,
NaN,federal,O,,
NaN,,,O,
NaN,state,O,,
NaN,,,O,
NaN,local,O,,
NaN,and,O,,
NaN,industry,O,,
NaN,partners,O,,
NaN,and,O,,
NaN,have,O,,
NaN,experience,O,,
NaN,from,O,,
NaN,actual,O,,
NaN,spills,O,,
NaN,on,O,,
NaN,/,O,,
NaN,in,O,,
NaN,ice,O,,
NaN,to,O,,
NaN,draw,O,,
NaN,from,O,,
NaN,,,O,
NaN,as,O,,
NaN,well,O,,
NaN,as,O,,
NaN,lessons,O,,
NaN,from,O,,
NaN,other,O,,
NaN,areas,O,,
NaN,around,O,,
NaN,the,O,,
NaN,country,O,,
NaN,and,O,,
NaN,around,O,,
NaN,the,O,,
NaN,world.\”The,O,,
NaN,Coast,O,,
NaN,Guard,O,,
NaN,received,O,,
NaN,notification,O,,
NaN,of,O,,
NaN,the,O,,
NaN,potential,O,,
NaN,spill,O,,
NaN,from,O,,
NaN,the,O,,
NaN,American,O,,
NaN,Transmission,O,,
NaN,Company,O,,
NaN,on,O,,
NaN,Monday,O,,
NaN,evening,O,,
NaN,.,O,,
Sentence 20,An,O,,
NaN,MH-60,O,,
NaN,Jayhawk,O,,
NaN,helicopter,O,,
NaN,crew,O,,
NaN,was,O,,
NaN,deployed,O,,
NaN,to,O,,
NaN,conduct,O,,
NaN,an,O,,
NaN,overflight,O,,
NaN,of,O,,
NaN,the,O,,
NaN,area,O,,
NaN,.,O,,
Sentence 21,Additionally,O,,
NaN,,,O,
NaN,response,O,,
NaN,teams,O,,
NaN,from,O,,
NaN,Sector,O,,
NaN,Sault,O,,
NaN,Sainte,O,,
NaN,Marie,O,,
NaN,were,O,,
NaN,dispatched,O,,
NaN,to,O,,
NaN,investigate,O,,
NaN,.,O,,
Sentence 22,The,O,,
NaN,Coast,O,,
NaN,Guard,O,,
NaN,does,O,,
NaN,not,O,,
NaN,approve,O,,
NaN,or,O,,
NaN,regulate,O,,
NaN,pipelines,O,,
NaN,or,O,,
NaN,pipeline,O,,
NaN,response,O,,
NaN,plans,O,,
NaN,.,O,,
Sentence 23,Those,O,,
NaN,are,O,,
NaN,approved,O,,
NaN,and,O,,
NaN,regulated,O,,
NaN,by,O,,
NaN,the,O,,
NaN,Pipelines,O,,
NaN,and,O,,
NaN,Hazardous,O,,
NaN,Materials,O,,
NaN,Safety,O,,
NaN,Administration,O,,
NaN,(,O,,
NaN,PHMSA,O,,
NaN,),O,,
NaN,.,O,,
Sentence 1,The,O,,
NaN,Unified,O,,
NaN,Command,O,,
NaN,has,O,,
NaN,isolated,O,,
NaN,the,O,,
NaN,impacted,O,,
NaN,utility,O,,
NaN,lines,O,,
NaN,and,O,,
NaN,is,O,,
NaN,monitoring,O,,
NaN,the,O,,
NaN,removal,O,,
NaN,progress,O,,
NaN,of,O,,
NaN,the,O,,
NaN,remaining,O,,
NaN,mineral,O,,
NaN,oil,O,,
NaN,from,O,,
NaN,those,O,,
NaN,lines,O,,
NaN,,,O,
NaN,Thursday,O,,
NaN,.,O,,
Sentence 2,Spill,O,,
NaN,Response,O,,
NaN,Organization,O,,
NaN,,,O,
NaN,contracted,O,,
NaN,by,O,,
NaN,the,O,,
NaN,American,O,,
NaN,Transmission,O,,
NaN,Company,O,,
NaN,,,O,
NaN,removed,O,,
NaN,approximately,O,,
NaN,10,O,,
NaN,percent,O,,
NaN,of,O,,
NaN,the,O,,
NaN,mineral,O,,
NaN,oil,O,,
NaN,from,O,,
NaN,one,O,,
NaN,of,O,,
NaN,the,O,,
NaN,utility,O,,
NaN,lines,O,,
NaN,on,O,,
NaN,Wednesday,O,,
NaN,.,O,,
Sentence 3,The,O,,
NaN,Unified,O,,
NaN,Command,O,,
NaN,will,O,,
NaN,continue,O,,
NaN,to,O,,
NaN,consult,O,,
NaN,with,O,,
NaN,oil,O,,
NaN,recovery,O,,
NaN,experts,O,,
NaN,and,O,,
NaN,engineers,O,,
NaN,today,O,,
NaN,to,O,,
NaN,ensure,O,,
NaN,the,O,,
NaN,oil,O,,
NaN,extraction,O,,
NaN,process,O,,
NaN,is,O,,
NaN,effective,O,,
NaN,.,O,,
Sentence 4,Approximately,O,,
NaN,400,B-quant,,
NaN,gallons,I-quant,,
NaN,of,O,,
NaN,oil,B-chem,,
NaN,remains,O,,
NaN,in,O,,
NaN,each,O,,
NaN,utility,O,,
NaN,line,O,,
NaN,and,O,,
NaN,is,O,,
NaN,not,O,,
NaN,known,O,,
NaN,to,O,,
NaN,be,O,,
NaN,leaking,O,,
NaN,from,O,,
NaN,the,O,,
NaN,source,O,,
NaN,.,O,,
Sentence 5,The,O,,
NaN,estimate,O,,
NaN,that,O,,
NaN,600,B-quant,,
NaN,gallons,I-quant,,
NaN,of,O,,
NaN,mineral,B-chem,,
NaN,oil,I-chem,,
NaN,leaked,O,,
NaN,from,O,,
NaN,the,O,,
NaN,utility,O,,
NaN,lines,O,,
NaN,before,O,,
NaN,securing,O,,
NaN,the,O,,
NaN,source,O,,
NaN,remains,O,,
NaN,unchanged,O,,
NaN,.,O,,
Sentence 6,The,O,,
NaN,Coast,O,,
NaN,Guard,O,,
NaN,deployed,O,,
NaN,an,O,,
NaN,MH-60,O,,
NaN,Jayhawk,O,,
NaN,crew,O,,
NaN,from,O,,
NaN,Coast,O,,
NaN,Guard,O,,
NaN,Air,O,,
NaN,Station,O,,
NaN,Traverse,O,,
NaN,City,O,,
NaN,on,O,,
NaN,Monday,O,,
NaN,and,O,,
NaN,Wednesday,O,,
NaN,afternoon,O,,
NaN,to,O,,
NaN,search,O,,
NaN,for,O,,
NaN,pollution,O,,
NaN,over,O,,
NaN,the,O,,
NaN,Straits,O,,
NaN,of,O,,
NaN,Mackinac,O,,
NaN,.,O,,
Sentence 7,The,O,,
NaN,flight,O,,
NaN,crews,O,,
NaN,used,O,,
NaN,infra,O,,
NaN,-,O,,
NaN,red,O,,
NaN,technology,O,,
NaN,to,O,,
NaN,detect,O,,
NaN,temperature,O,,
NaN,differences,O,,
NaN,between,O,,
NaN,the,O,,
NaN,oil,O,,
NaN,and,O,,
NaN,water,O,,
NaN,and,O,,
NaN,did,O,,
NaN,not,O,,
NaN,locate,O,,
NaN,any,O,,
NaN,oil,B-chem,,
NaN,sheen,O,,
NaN,or,O,,
NaN,signs,O,,
NaN,of,O,,
NaN,pollution,O,,
NaN,.,O,,
Sentence 8,Coast,O,,
NaN,Guard,O,,
NaN,overflights,O,,
NaN,will,O,,
NaN,continue,O,,
NaN,to,O,,
NaN,monitor,O,,
NaN,the,O,,
NaN,spill.\“DEQ,O,,
NaN,continues,O,,
NaN,to,O,,
NaN,work,O,,
NaN,within,O,,
NaN,the,O,,
NaN,Unified,O,,
NaN,Command,O,,
NaN,established,O,,
NaN,to,O,,
NaN,address,O,,
NaN,this,O,,
NaN,situation,\,O,
NaN,”,O,,
NaN,said,O,,
NaN,Scott,O,,
NaN,Schaefer,O,,
NaN,,,O,
NaN,DEQ,O,,
NaN,Incident,O,,
NaN,Management,O,,
NaN,Specialist,O,,
NaN,.,O,,
Sentence 9,\“We,O,,
NaN,are,O,,
NaN,working,O,,
NaN,with,O,,
NaN,the,O,,
NaN,American,O,,
NaN,Transmission,O,,
NaN,Company,O,,
NaN,and,O,,
NaN,our,O,,
NaN,federal,O,,
NaN,,,O,
NaN,tribal,O,,
NaN,and,O,,
NaN,local,O,,
NaN,partners,O,,
NaN,to,O,,
NaN,address,O,,
NaN,the,O,,
NaN,release,O,,
NaN,of,O,,
NaN,mineral,O,,
NaN,oil,O,,
NaN,to,O,,
NaN,the,O,,
NaN,Straits,O,,
NaN,of,O,,
NaN,Mackinac.\”In,O,,
NaN,consultation,O,,
NaN,with,O,,
NaN,engineers,O,,
NaN,from,O,,
NaN,the,O,,
NaN,Pipeline,O,,
NaN,and,O,,
NaN,Hazardous,O,,
NaN,Materials,O,,
NaN,Safety,O,,
NaN,Administration,O,,
NaN,and,O,,
NaN,the,O,,
NaN,Michigan,O,,
NaN,Department,O,,
NaN,of,O,,
NaN,Environmental,O,,
NaN,Quality,O,,
NaN,,,O,
NaN,a,O,,
NaN,10-person,O,,
NaN,work,O,,
NaN,crew,O,,
NaN,and,O,,
NaN,vacuum,O,,
NaN,truck,O,,
NaN,are,O,,
NaN,on,O,,
NaN,site,O,,
NaN,for,O,,
NaN,the,O,,
NaN,OSRO,O,,
NaN,working,O,,
NaN,to,O,,
NaN,draw,O,,
NaN,the,O,,
NaN,oil,O,,
NaN,out,O,,
NaN,of,O,,
NaN,the,O,,
NaN,two,O,,
NaN,decommissioned,O,,
NaN,utility,O,,
NaN,lines,O,,
NaN,;,O,,
NaN,no,O,,
NaN,pressure,O,,
NaN,is,O,,
NaN,being,O,,
NaN,applied,O,,
NaN,to,O,,
NaN,the,O,,
NaN,lines,O,,
NaN,.,O,,
Sentence 10,A,O,,
NaN,suction,O,,
NaN,,,O,
NaN,or,O,,
NaN,negative,O,,
NaN,pressure,O,,
NaN,,,O,
NaN,is,O,,
NaN,present,O,,
NaN,on,O,,
NaN,the,O,,
NaN,entire,O,,
NaN,span,O,,
NaN,of,O,,
NaN,the,O,,
NaN,lines,O,,
NaN,across,O,,
NaN,the,O,,
NaN,Straits,O,,
NaN,.,O,,
Sentence 11,The,O,,
NaN,calculated,O,,
NaN,trajectory,O,,
NaN,of,O,,
NaN,the,O,,
NaN,spilled,O,,
NaN,mineral,O,,
NaN,oil,O,,
NaN,is,O,,
NaN,to,O,,
NaN,the,O,,
NaN,south,O,,
NaN,and,O,,
NaN,southwest,O,,
NaN,of,O,,
NaN,the,O,,
NaN,source,O,,
NaN,.,O,,
Sentence 12,Given,O,,
NaN,the,O,,
NaN,dilution,O,,
NaN,of,O,,
NaN,the,O,,
NaN,product,O,,
NaN,and,O,,
NaN,the,O,,
NaN,mobility,O,,
NaN,of,O,,
NaN,fish,O,,
NaN,,,O,
NaN,there,O,,
NaN,continues,O,,
NaN,to,O,,
NaN,be,O,,
NaN,a,O,,
NaN,low,O,,
NaN,risk,O,,
NaN,to,O,,
NaN,fisheries,O,,
NaN,and,O,,
NaN,wildlife,O,,
NaN,.,O,,
Sentence 13,A,O,,
NaN,concern,O,,
NaN,remains,O,,
NaN,that,O,,
NaN,waterfowl,O,,
NaN,or,O,,
NaN,shore,O,,
NaN,birds,O,,
NaN,may,O,,
NaN,come,O,,
NaN,in,O,,
NaN,contact,O,,
NaN,with,O,,
NaN,the,O,,
NaN,product,O,,
NaN,floating,O,,
NaN,on,O,,
NaN,the,O,,
NaN,surface,O,,
NaN,.,O,,
Sentence 14,The,O,,
NaN,Unified,O,,
NaN,Command,O,,
NaN,is,O,,
NaN,exploring,O,,
NaN,methods,O,,
NaN,to,O,,
NaN,deter,O,,
NaN,birds,O,,
NaN,from,O,,
NaN,the,O,,
NaN,area,O,,
NaN,.,O,,
Sentence 15,Due,O,,
NaN,to,O,,
NaN,the,O,,
NaN,inaccessibility,O,,
NaN,of,O,,
NaN,the,O,,
NaN,shorelines,O,,
NaN,from,O,,
NaN,ice,O,,
NaN,,,O,
NaN,the,O,,
NaN,threat,O,,
NaN,to,O,,
NaN,the,O,,
NaN,public,O,,
NaN,is,O,,
NaN,low,O,,
NaN,since,O,,
NaN,they,O,,
NaN,are,O,,
NaN,unable,O,,
NaN,to,O,,
NaN,come,O,,
NaN,in,O,,
NaN,contact,O,,
NaN,with,O,,
NaN,the,O,,
NaN,oil,O,,
NaN,.,O,,
Sentence 16,The,O,,
NaN,dilution,O,,
NaN,of,O,,
NaN,the,O,,
NaN,oil,O,,
NaN,and,O,,
NaN,distance,O,,
NaN,from,O,,
NaN,the,O,,
NaN,bridge,O,,
NaN,and,O,,
NaN,water,O,,
NaN,intakes,O,,
NaN,provide,O,,
NaN,additional,O,,
NaN,protection,O,,
NaN,from,O,,
NaN,the,O,,
NaN,product,O,,
NaN,.,O,,
Sentence 1,The,O,,
NaN,Environmental,O,,
NaN,Protection,O,,
NaN,Agency,O,,
NaN,is,O,,
NaN,ordering,O,,
NaN,a,O,,
NaN,former,O,,
NaN,tannery,O,,
NaN,to,O,,
NaN,dig,O,,
NaN,contaminated,O,,
NaN,sediment,O,,
NaN,and,O,,
NaN,excavate,O,,
NaN,soil,O,,
NaN,from,O,,
NaN,areas,O,,
NaN,in,O,,
NaN,western,O,,
NaN,Michigan,O,,
NaN,after,O,,
NaN,finding,O,,
NaN,high,O,,
NaN,pollution,O,,
NaN,levels,O,,
NaN,where,O,,
NaN,the,O,,
NaN,shoemaker,O,,
NaN,once,O,,
NaN,operated,O,,
NaN,.,O,,
Sentence 2,The,O,,
NaN,EPA,O,,
NaN,sent,O,,
NaN,a,O,,
NaN,letter,O,,
NaN,last,O,,
NaN,month,O,,
NaN,listing,O,,
NaN,several,O,,
NaN,cleanup,O,,
NaN,steps,O,,
NaN,federal,O,,
NaN,regulators,O,,
NaN,want,O,,
NaN,Wolverine,O,,
NaN,World,O,,
NaN,Wide,O,,
NaN,to,O,,
NaN,take,O,,
NaN,this,O,,
NaN,summer,O,,
NaN,,,O,
NaN,the,O,,
NaN,Grand,O,,
NaN,Rapids,O,,
NaN,Press,O,,
NaN,reported,O,,
NaN,.,O,,
Sentence 3,The,O,,
NaN,agency,O,,
NaN,has,O,,
NaN,ordered,O,,
NaN,Wolverine,O,,
NaN,to,O,,
NaN,dredge,O,,
NaN,the,O,,
NaN,Rogue,O,,
NaN,River,O,,
NaN,and,O,,
NaN,excavate,O,,
NaN,along,O,,
NaN,the,O,,
NaN,White,O,,
NaN,Pine,O,,
NaN,Trail,O,,
NaN,in,O,,
NaN,Rockford,O,,
NaN,.,O,,
Sentence 4,Wolverine,O,,
NaN,said,O,,
NaN,it,O,,
NaN,’s,O,,
NaN,reviewing,O,,
NaN,the,O,,
NaN,EPA,O,,
NaN,’s,O,,
NaN,letter,O,,
NaN,,,O,
NaN,and,O,,
NaN,\“looks,O,,
NaN,forward,O,,
NaN,to,O,,
NaN,continuing,O,,
NaN,to,O,,
NaN,work,O,,
NaN,with,O,,
NaN,the,O,,
NaN,agency,O,,
NaN,to,O,,
NaN,develop,O,,
Sentence 5,next,O,,
NaN,steps.\”The,O,,
NaN,EPA,O,,
NaN,also,O,,
NaN,requested,O,,
NaN,that,O,,
NaN,Wolverine,O,,
NaN,put,O,,
NaN,up,O,,
NaN,signs,O,,
NaN,to,O,,
NaN,notify,O,,
NaN,the,O,,
NaN,public,O,,
NaN,of,O,,
NaN,potential,O,,
NaN,hazards,O,,
NaN,near,O,,
NaN,river,O,,
NaN,entry,O,,
NaN,points,O,,
NaN,by,O,,
NaN,the,O,,
NaN,end,O,,
NaN,of,O,,
NaN,May.\“There,O,,
NaN,may,O,,
NaN,be,O,,
NaN,exposure,O,,
NaN,risks,O,,
NaN,that,O,,
NaN,ca,O,,
NaN,n’t,O,,
NaN,necessarily,O,,
NaN,wait,O,,
NaN,for,O,,
NaN,an,O,,
NaN,overall,O,,
NaN,plan,O,,
NaN,to,O,,
NaN,address,O,,
NaN,the,O,,
NaN,entire,O,,
NaN,site,\,O,
NaN,”,O,,
NaN,said,O,,
NaN,Jeff,O,,
NaN,Kimble,O,,
NaN,,,O,
NaN,an,O,,
NaN,EPA,O,,
NaN,official,O,,
NaN,who,O,,
NaN,’s,O,,
NaN,supervising,O,,
NaN,the,O,,
NaN,contamination,O,,
NaN,investigations,O,,
NaN,at,O,,
NaN,Wolverine,O,,
NaN,’s,O,,
NaN,former,O,,
NaN,tannery,O,,
NaN,and,O,,
NaN,dump,O,,
NaN,site,O,,
NaN,.,O,,
Sentence 6,Per-,O,,
NaN,and,O,,
NaN,polyfluoroalkyl,B-chem,,
NaN,substances,I-chem,,
NaN,,,O,
NaN,also,O,,
NaN,known,O,,
NaN,as,O,,
NaN,PFAS,B-chem,,
NaN,,,O,
NaN,were,O,,
NaN,discovered,O,,
NaN,at,O,,
NaN,Wolverine,O,,
NaN,’s,O,,
NaN,former,O,,
NaN,Rockford,O,,
NaN,factory,O,,
NaN,grounds,O,,
NaN,and,O,,
NaN,its,O,,
NaN,nearby,O,,
NaN,waste,O,,
NaN,dump,O,,
NaN,in,O,,
NaN,Belmont,O,,
NaN,,,O,
NaN,sparking,O,,
NaN,federal,O,,
NaN,regulators,O,,
NaN,to,O,,
NaN,oversee,O,,
NaN,contamination,O,,
NaN,testing,O,,
NaN,last,O,,
NaN,year,O,,
NaN,.,O,,
Sentence 7,The,O,,
NaN,investigation,O,,
NaN,uncovered,O,,
NaN,high,O,,
NaN,levels,O,,
NaN,of,O,,
NaN,volatile,O,,
NaN,contaminants,O,,
NaN,,,O,
NaN,including,O,,
NaN,chromium,B-chem,,
NaN,and,O,,
NaN,mercury,B-chem,,
NaN,.,O,,
Sentence 8,Some,O,,
NaN,of,O,,
NaN,the,O,,
NaN,toxic,O,,
NaN,metals,O,,
NaN,were,O,,
NaN,found,O,,
NaN,in,O,,
NaN,groundwater,O,,
NaN,and,O,,
NaN,sediment,O,,
NaN,near,O,,
NaN,areas,O,,
NaN,where,O,,
NaN,people,O,,
NaN,often,O,,
NaN,launch,O,,
NaN,canoes,O,,
NaN,and,O,,
NaN,kayaks,O,,
NaN,along,O,,
NaN,White,O,,
NaN,Pine,O,,
NaN,Trail,O,,
NaN,.,O,,
Sentence 9,The,O,,
NaN,cleanup,O,,
NaN,work,O,,
NaN,could,O,,
NaN,close,O,,
NaN,some,O,,
NaN,parts,O,,
NaN,of,O,,
NaN,the,O,,
NaN,trail,O,,
NaN,this,O,,
NaN,summer,O,,
NaN,,,O,
NaN,Kimble,O,,
NaN,said,O,,
NaN,.,O,,
Sentence 10,The,O,,
NaN,Belmont,O,,
NaN,site,O,,
NaN,where,O,,
NaN,Wolverine,O,,
NaN,dumped,O,,
NaN,waste,O,,
NaN,in,O,,
NaN,the,O,,
NaN,1960s,O,,
NaN,has,O,,
NaN,a,O,,
NaN,PFAS,B-chem,,
NaN,plume,O,,
NaN,that,O,,
NaN,’s,O,,
NaN,moving,O,,
NaN,through,O,,
NaN,an,O,,
NaN,area,O,,
NaN,where,O,,
NaN,thousands,O,,
NaN,of,O,,
NaN,people,O,,
NaN,rely,O,,
NaN,on,O,,
NaN,groundwater,O,,
NaN,for,O,,
NaN,drinking,O,,
NaN,.,O,,
Sentence 11,The,O,,
NaN,EPA,O,,
NaN,has,O,,
NaN,requested,O,,
NaN,interior,O,,
NaN,fencing,O,,
NaN,around,O,,
NaN,the,O,,
NaN,dump,O,,
NaN,’s,O,,
NaN,contaminated,O,,
NaN,area,O,,
NaN,and,O,,
NaN,further,O,,
NaN,testing,O,,
NaN,of,O,,
NaN,the,O,,
NaN,wetlands,O,,
NaN,nearby,O,,
NaN,.,O,,
Sentence 12,An,O,,
NaN,investigation,O,,
NaN,report,O,,
NaN,is,O,,
NaN,pending,O,,
NaN,approval,O,,
NaN,from,O,,
NaN,federal,O,,
NaN,regulators,O,,
NaN,,,O,
NaN,Kimble,O,,
NaN,said,O,,
NaN,.,O,,